level,physical_room,logical_rooms,kind,anchor_x,anchor_y,controller_cost,edit_policy,runtime_role,detail,cells_json
1,0,0,reactor_animation,4,2,1,single_cell_place_move_delete,,RACT DOWN; runtime frames $308-$30B,"[[4, 2, 480]]"
1,0,0,reactor_animation,8,2,1,single_cell_place_move_delete,,RACT DOWN; runtime frames $308-$30B,"[[8, 2, 480]]"
1,0,0,player_start,5,7,0,move_only_sync_start_room_table,,,"[[5, 7, 43]]"
1,0,0,particle_emitter,10,8,1,single_cell_place_move_delete_with_runtime_pool_warning,,child allocator uses shared slots 19..40 and checks failure,"[[10, 8, 159]]"
1,0,0,reactor_animation,16,8,1,single_cell_place_move_delete,,RACT DOWN; runtime frames $308-$30B,"[[16, 8, 480]]"
1,1,8,reactor_animation,7,2,1,single_cell_place_move_delete,,RACT DOWN; runtime frames $308-$30B,"[[7, 2, 480]]"
1,1,8,reactor_animation,10,2,1,single_cell_place_move_delete,,RACT DOWN; runtime frames $308-$30B,"[[10, 2, 480]]"
1,1,8,edge_spawn_band,6,10,0,advanced_move_only_preserve_raw_cardinality,,bottom side; persistent ST/ED endpoint semantics,"[[6, 10, 482], [15, 10, 483]]"
1,2,16,organic_cannon_300,12,6,1,atomic_place_move_delete,,,"[[12, 6, 768], [12, 7, 102], [11, 8, 98], [12, 8, 100], [13, 8, 99], [14, 8, 101], [11, 9, 92], [12, 9, 93], [13, 9, 94], [14, 9, 95]]"
1,2,16,reactor_animation,7,9,1,single_cell_place_move_delete,,RACT UP; runtime frames $304-$307,"[[7, 9, 481]]"
1,3,17,left_gun_346,14,7,1,single_cell_place_move_delete,,,"[[14, 7, 838]]"
1,3,17,rnet_source,10,1,0,move_delete_add_only_when_total_le_8,live_primary,RNET DOWN,"[[10, 1, 501]]"
1,3,17,rnet_source,16,1,0,move_delete_add_only_when_total_le_8,live_primary,RNET DOWN,"[[16, 1, 501]]"
1,3,17,rnet_source,12,9,0,move_delete_add_only_when_total_le_8,live_primary,RNET UP,"[[12, 9, 500]]"
1,4,18,organic_cannon_300,13,6,1,atomic_place_move_delete,,,"[[13, 6, 768], [13, 7, 102], [12, 8, 98], [13, 8, 100], [14, 8, 99], [15, 8, 101], [12, 9, 92], [13, 9, 93], [14, 9, 94], [15, 9, 528]]"
1,4,18,ele_vertical,9,2,0,atomic_place_move_delete_max_5_pairs,,two adjacent runtime object records from slots 43..52,"[[9, 2, 504], [9, 6, 505]]"
1,5,10,rnet_source,9,2,0,move_delete_add_only_when_total_le_8,live_primary,RNET DOWN,"[[9, 2, 501]]"
1,5,10,edge_spawn_band,0,2,0,advanced_move_only_preserve_raw_cardinality,,left side; persistent ST/ED endpoint semantics,"[[0, 2, 484], [0, 6, 485]]"
1,6,9,particle_emitter,4,8,1,single_cell_place_move_delete_with_runtime_pool_warning,,child allocator uses shared slots 19..40 and checks failure,"[[4, 8, 159]]"
1,6,9,ele_vertical,9,2,0,atomic_place_move_delete_max_5_pairs,,two adjacent runtime object records from slots 43..52,"[[9, 2, 504], [9, 6, 505]]"
1,6,9,ele_vertical,11,3,0,atomic_place_move_delete_max_5_pairs,,two adjacent runtime object records from slots 43..52,"[[11, 3, 504], [11, 7, 505]]"
1,7,1,fixed_cannon_31C,4,4,1,single_cell_place_move_delete,,,"[[4, 4, 796]]"
1,7,1,organic_cannon_300,17,5,1,atomic_place_move_delete,,,"[[17, 5, 768], [17, 6, 102], [16, 7, 98], [17, 7, 100], [18, 7, 99], [19, 7, 101], [16, 8, 92], [17, 8, 93], [18, 8, 94], [19, 8, 95]]"
1,7,1,compound_242_2x2,9,8,1,atomic_place_move_delete,,,"[[9, 8, 578], [10, 8, 579], [9, 9, 580], [10, 9, 581]]"
1,8,2,large_cannon_30C,15,4,1,atomic_place_move_delete_preserve_collateral,,,"[[14, 3, 278], [15, 3, 279], [16, 3, 280], [17, 3, 281], [14, 4, 282], [15, 4, 780], [16, 4, 781], [17, 4, 285], [14, 5, 286], [15, 5, 782], [16, 5, 783]]"
1,8,2,edge_spawn_band,19,3,0,advanced_move_only_preserve_raw_cardinality,,right side; persistent ST/ED endpoint semantics,"[[19, 3, 488], [19, 9, 489]]"
1,9,3,ele_vertical,10,2,0,atomic_place_move_delete_max_5_pairs,,two adjacent runtime object records from slots 43..52,"[[10, 2, 504], [10, 6, 505]]"
1,9,3,ele_vertical,12,3,0,atomic_place_move_delete_max_5_pairs,,two adjacent runtime object records from slots 43..52,"[[12, 3, 504], [12, 7, 505]]"
1,9,3,crp_source,16,2,0,move_delete_add_only_when_total_le_6,dedicated_live,CRP LEFT SLOW,"[[16, 2, 508]]"
1,9,3,crp_source,17,2,0,move_delete_add_only_when_total_le_6,dedicated_live,CRP LEFT SLOW,"[[17, 2, 508]]"
1,9,3,crp_source,18,2,0,move_delete_add_only_when_total_le_6,dedicated_live,CRP LEFT SLOW,"[[18, 2, 508]]"
1,9,3,crp_source,19,2,0,move_delete_add_only_when_total_le_6,dedicated_live,CRP LEFT SLOW,"[[19, 2, 508]]"
1,10,4,reactor_animation,5,1,1,single_cell_place_move_delete,,RACT DOWN; runtime frames $308-$30B,"[[5, 1, 480]]"
1,10,4,reactor_animation,8,1,1,single_cell_place_move_delete,,RACT DOWN; runtime frames $308-$30B,"[[8, 1, 480]]"
1,10,4,reactor_animation,11,1,1,single_cell_place_move_delete,,RACT DOWN; runtime frames $308-$30B,"[[11, 1, 480]]"
1,11,12,organic_cannon_300,15,5,1,atomic_place_move_delete,,,"[[15, 5, 768], [15, 6, 102], [14, 7, 98], [15, 7, 100], [16, 7, 99], [17, 7, 101], [14, 8, 92], [15, 8, 93], [16, 8, 94], [17, 8, 95]]"
1,11,12,edge_spawn_band,2,10,0,advanced_move_only_preserve_raw_cardinality,,bottom side; persistent ST/ED endpoint semantics,"[[2, 10, 482], [8, 10, 483]]"
1,12,20,rnet_source,8,7,0,move_delete_add_only_when_total_le_8,live_primary,RNET UP,"[[8, 7, 500]]"
1,12,20,rnet_source,9,7,0,move_delete_add_only_when_total_le_8,live_primary,RNET UP,"[[9, 7, 500]]"
1,12,20,crp_source,13,3,0,move_delete_add_only_when_total_le_6,dedicated_live,CRP LEFT FAST,"[[13, 3, 509]]"
1,12,20,crp_source,14,3,0,move_delete_add_only_when_total_le_6,dedicated_live,CRP LEFT FAST,"[[14, 3, 509]]"
1,12,20,crp_source,15,3,0,move_delete_add_only_when_total_le_6,dedicated_live,CRP LEFT FAST,"[[15, 3, 509]]"
1,12,20,crp_source,16,3,0,move_delete_add_only_when_total_le_6,dedicated_live,CRP LEFT FAST,"[[16, 3, 509]]"
1,13,19,rnet_source,6,7,0,move_delete_add_only_when_total_le_8,live_primary,RNET UP,"[[6, 7, 500]]"
1,13,19,rnet_source,10,7,0,move_delete_add_only_when_total_le_8,live_primary,RNET UP,"[[10, 7, 500]]"
1,13,19,rnet_source,12,7,0,move_delete_add_only_when_total_le_8,live_primary,RNET UP,"[[12, 7, 500]]"
1,13,19,rnet_source,5,8,0,move_delete_add_only_when_total_le_8,live_primary,RNET UP,"[[5, 8, 500]]"
1,13,19,rnet_source,9,8,0,move_delete_add_only_when_total_le_8,live_primary,RNET UP,"[[9, 8, 500]]"
1,13,19,crp_source,15,6,0,move_delete_add_only_when_total_le_6,dedicated_live,CRP LEFT SLOW,"[[15, 6, 508]]"
1,14,11,large_cannon_30C,9,3,1,atomic_place_move_delete_preserve_collateral,,,"[[8, 2, 278], [9, 2, 279], [10, 2, 280], [11, 2, 281], [8, 3, 282], [9, 3, 780], [10, 3, 781], [11, 3, 285], [8, 4, 286], [9, 4, 782], [10, 4, 783]]"
1,14,11,landing_pad,15,5,0,move_pair_only_one_per_level,,,"[[15, 5, 804], [16, 5, 805]]"
1,14,11,solid_animation_253_256,14,6,1,single_cell_place_move_delete,,4-frame descending cycle $253-$256; collision=solid; source phase=$253,"[[14, 6, 595]]"
1,14,11,solid_animation_253_256,17,6,1,single_cell_place_move_delete,,4-frame descending cycle $253-$256; collision=solid; source phase=$253,"[[17, 6, 595]]"
1,14,11,solid_animation_253_256,14,7,1,single_cell_place_move_delete,,4-frame descending cycle $253-$256; collision=solid; source phase=$254,"[[14, 7, 596]]"
1,14,11,solid_animation_253_256,17,7,1,single_cell_place_move_delete,,4-frame descending cycle $253-$256; collision=solid; source phase=$254,"[[17, 7, 596]]"
1,14,11,solid_animation_253_256,14,8,1,single_cell_place_move_delete,,4-frame descending cycle $253-$256; collision=solid; source phase=$255,"[[14, 8, 597]]"
1,14,11,solid_animation_253_256,17,8,1,single_cell_place_move_delete,,4-frame descending cycle $253-$256; collision=solid; source phase=$255,"[[17, 8, 597]]"
1,14,11,solid_animation_253_256,14,9,1,single_cell_place_move_delete,,4-frame descending cycle $253-$256; collision=solid; source phase=$256,"[[14, 9, 598]]"
1,14,11,animated_pair_24D_24E,15,9,1,atomic_place_move_delete,,"5-frame horizontal pair: 24D/24E, 24F/250, 251/252, 24F/250, 24D/24E","[[15, 9, 589], [16, 9, 590]]"
1,14,11,solid_animation_253_256,17,9,1,single_cell_place_move_delete,,4-frame descending cycle $253-$256; collision=solid; source phase=$256,"[[17, 9, 598]]"
2,0,3,player_start,14,4,0,move_only_sync_start_room_table,,,"[[14, 4, 43]]"
2,0,3,compound_232_2x3,7,6,1,atomic_place_move_delete,,,"[[7, 6, 562], [8, 6, 563], [7, 7, 564], [8, 7, 565], [7, 8, 566], [8, 8, 567]]"
2,0,3,rnet_source,8,2,0,move_delete_add_only_when_total_le_8,live_primary,RNET DOWN,"[[8, 2, 501]]"
2,0,3,rnet_source,4,7,0,move_delete_add_only_when_total_le_8,live_primary,RNET UP,"[[4, 7, 500]]"
2,0,3,rnet_source,5,7,0,move_delete_add_only_when_total_le_8,live_primary,RNET UP,"[[5, 7, 500]]"
2,0,3,rnet_source,10,7,0,move_delete_add_only_when_total_le_8,live_primary,RNET UP,"[[10, 7, 500]]"
2,1,2,fixed_cannon_31C,10,4,1,single_cell_place_move_delete,,,"[[10, 4, 796]]"
2,2,10,particle_emitter,12,8,1,single_cell_place_move_delete_with_runtime_pool_warning,,child allocator uses shared slots 19..40 and checks failure,"[[12, 8, 159]]"
2,2,10,edge_spawn_band,0,4,0,advanced_move_only_preserve_raw_cardinality,,left side; persistent ST/ED endpoint semantics,"[[0, 4, 484], [0, 6, 485]]"
2,3,9,compound_232_2x3,4,7,1,atomic_place_move_delete,,,"[[4, 7, 562], [5, 7, 563], [4, 8, 564], [5, 8, 565], [4, 9, 566], [5, 9, 567]]"
2,3,9,crp_source,5,3,0,move_delete_add_only_when_total_le_6,dedicated_live,CRP LEFT SLOW,"[[5, 3, 508]]"
2,3,9,crp_source,6,3,0,move_delete_add_only_when_total_le_6,dedicated_live,CRP LEFT SLOW,"[[6, 3, 508]]"
2,3,9,crp_source,7,3,0,move_delete_add_only_when_total_le_6,dedicated_live,CRP LEFT SLOW,"[[7, 3, 508]]"
2,4,1,large_cannon_30C,13,2,1,atomic_place_move_delete_preserve_collateral,,,"[[12, 1, 278], [13, 1, 279], [14, 1, 280], [15, 1, 281], [12, 2, 282], [13, 2, 780], [14, 2, 781], [15, 2, 285], [12, 3, 286], [13, 3, 782], [14, 3, 783]]"
2,4,1,compound_232_2x3,10,6,1,atomic_place_move_delete,,,"[[10, 6, 562], [11, 6, 563], [10, 7, 564], [11, 7, 565], [10, 8, 566], [11, 8, 567]]"
2,4,1,compound_242_2x2,15,7,1,atomic_place_move_delete,,,"[[15, 7, 578], [16, 7, 579], [15, 8, 580], [16, 8, 581]]"
2,4,1,rnet_source,2,1,0,move_delete_add_only_when_total_le_8,live_primary,RNET DOWN,"[[2, 1, 501]]"
2,4,1,rnet_source,3,1,0,move_delete_add_only_when_total_le_8,live_primary,RNET DOWN,"[[3, 1, 501]]"
2,4,1,rnet_source,4,1,0,move_delete_add_only_when_total_le_8,live_primary,RNET DOWN,"[[4, 1, 501]]"
2,5,0,ele_vertical,13,1,0,atomic_place_move_delete_max_5_pairs,,two adjacent runtime object records from slots 43..52,"[[13, 1, 504], [13, 5, 505]]"
2,5,0,ele_vertical,9,2,0,atomic_place_move_delete_max_5_pairs,,two adjacent runtime object records from slots 43..52,"[[9, 2, 504], [9, 6, 505]]"
2,5,0,ele_vertical,11,3,0,atomic_place_move_delete_max_5_pairs,,two adjacent runtime object records from slots 43..52,"[[11, 3, 504], [11, 7, 505]]"
2,6,8,rnet_source,2,6,0,move_delete_add_only_when_total_le_8,live_primary,RNET RIGHT,"[[2, 6, 497]]"
2,6,8,edge_spawn_band,5,10,0,advanced_move_only_preserve_raw_cardinality,,bottom side; persistent ST/ED endpoint semantics,"[[5, 10, 482], [13, 10, 483]]"
2,7,16,solid_animation_26B_26E,2,3,1,single_cell_place_move_delete,,4-frame ascending cycle $26B-$26E; collision=solid; source phase=$26B,"[[2, 3, 619]]"
2,7,16,solid_animation_253_256,3,3,1,single_cell_place_move_delete,,4-frame descending cycle $253-$256; collision=solid; source phase=$253,"[[3, 3, 595]]"
2,7,16,solid_animation_253_256,4,3,1,single_cell_place_move_delete,,4-frame descending cycle $253-$256; collision=solid; source phase=$256,"[[4, 3, 598]]"
2,7,16,large_cannon_30C,16,3,1,atomic_place_move_delete_preserve_collateral,,,"[[15, 2, 278], [16, 2, 279], [17, 2, 280], [18, 2, 281], [15, 3, 282], [16, 3, 780], [17, 3, 781], [18, 3, 285], [15, 4, 286], [16, 4, 782], [17, 4, 783]]"
2,7,16,energy_field_25B_25E,2,4,1,single_cell_place_move_delete,,4-frame ascending cycle $25B-$25E; collision=passable_l1_l3_lethal_l4; source phase=$25B,"[[2, 4, 603]]"
2,7,16,solid_animation_253_256,3,4,1,single_cell_place_move_delete,,4-frame descending cycle $253-$256; collision=solid; source phase=$254,"[[3, 4, 596]]"
2,7,16,solid_animation_253_256,4,4,1,single_cell_place_move_delete,,4-frame descending cycle $253-$256; collision=solid; source phase=$255,"[[4, 4, 597]]"
2,7,16,energy_field_25B_25E,2,5,1,single_cell_place_move_delete,,4-frame ascending cycle $25B-$25E; collision=passable_l1_l3_lethal_l4; source phase=$25E,"[[2, 5, 606]]"
2,7,16,solid_animation_253_256,3,5,1,single_cell_place_move_delete,,4-frame descending cycle $253-$256; collision=solid; source phase=$255,"[[3, 5, 597]]"
2,7,16,solid_animation_253_256,4,5,1,single_cell_place_move_delete,,4-frame descending cycle $253-$256; collision=solid; source phase=$254,"[[4, 5, 596]]"
2,7,16,energy_field_25B_25E,2,6,1,single_cell_place_move_delete,,4-frame ascending cycle $25B-$25E; collision=passable_l1_l3_lethal_l4; source phase=$25C,"[[2, 6, 604]]"
2,7,16,solid_animation_253_256,3,6,1,single_cell_place_move_delete,,4-frame descending cycle $253-$256; collision=solid; source phase=$256,"[[3, 6, 598]]"
2,7,16,solid_animation_253_256,4,6,1,single_cell_place_move_delete,,4-frame descending cycle $253-$256; collision=solid; source phase=$253,"[[4, 6, 595]]"
2,7,16,solid_animation_267_26A,2,7,1,single_cell_place_move_delete,,4-frame ascending cycle $267-$26A; collision=solid; source phase=$26A,"[[2, 7, 618]]"
2,7,16,solid_animation_253_256,3,7,1,single_cell_place_move_delete,,4-frame descending cycle $253-$256; collision=solid; source phase=$255,"[[3, 7, 597]]"
2,7,16,solid_animation_253_256,4,7,1,single_cell_place_move_delete,,4-frame descending cycle $253-$256; collision=solid; source phase=$254,"[[4, 7, 596]]"
2,7,16,compound_232_2x3,11,7,1,atomic_place_move_delete,,,"[[11, 7, 562], [12, 7, 563], [11, 8, 564], [12, 8, 565], [11, 9, 566], [12, 9, 567]]"
2,7,16,compound_242_2x2,8,8,1,atomic_place_move_delete,,,"[[8, 8, 578], [9, 8, 579], [8, 9, 580], [9, 9, 581]]"
2,8,17,reactor_animation,3,2,1,single_cell_place_move_delete,,RACT DOWN; runtime frames $308-$30B,"[[3, 2, 480]]"
2,8,17,reactor_animation,17,2,1,single_cell_place_move_delete,,RACT DOWN; runtime frames $308-$30B,"[[17, 2, 480]]"
2,8,17,compound_242_2x2,3,7,1,atomic_place_move_delete,,,"[[3, 7, 578], [4, 7, 579], [3, 8, 580], [4, 8, 581]]"
2,8,17,edge_spawn_band,19,2,0,advanced_move_only_preserve_raw_cardinality,,right side; persistent ST/ED endpoint semantics,"[[19, 2, 488], [19, 7, 489]]"
2,9,18,fixed_cannon_31C,16,4,1,single_cell_place_move_delete,,,"[[16, 4, 796]]"
2,9,18,organic_cannon_300,9,6,1,atomic_place_move_delete,,,"[[9, 6, 768], [9, 7, 102], [8, 8, 98], [9, 8, 100], [10, 8, 99], [11, 8, 101], [8, 9, 92], [9, 9, 93], [10, 9, 94], [11, 9, 95]]"
2,9,18,compound_232_2x3,17,7,1,atomic_place_move_delete,,,"[[17, 7, 562], [18, 7, 563], [17, 8, 564], [18, 8, 565], [17, 9, 566], [18, 9, 567]]"
2,9,18,rnet_source,13,8,0,move_delete_add_only_when_total_le_8,live_primary,RNET UP,"[[13, 8, 500]]"
2,9,18,rnet_source,14,8,0,move_delete_add_only_when_total_le_8,live_primary,RNET UP,"[[14, 8, 500]]"
2,9,18,rnet_source,12,9,0,move_delete_add_only_when_total_le_8,live_primary,RNET UP,"[[12, 9, 500]]"
2,9,18,rnet_source,15,9,0,move_delete_add_only_when_total_le_8,live_primary,RNET UP,"[[15, 9, 500]]"
2,10,19,left_gun_346,12,6,1,single_cell_place_move_delete,,,"[[12, 6, 838]]"
2,11,11,right_gun_329,6,4,1,single_cell_place_move_delete,,,"[[6, 4, 809]]"
2,11,11,crp_source,11,5,0,move_delete_add_only_when_total_le_6,dedicated_live,CRP LEFT FAST,"[[11, 5, 509]]"
2,11,11,crp_source,12,5,0,move_delete_add_only_when_total_le_6,dedicated_live,CRP LEFT FAST,"[[12, 5, 509]]"
2,11,11,crp_source,13,5,0,move_delete_add_only_when_total_le_6,dedicated_live,CRP LEFT FAST,"[[13, 5, 509]]"
2,11,11,crp_source,14,5,0,move_delete_add_only_when_total_le_6,dedicated_live,CRP LEFT FAST,"[[14, 5, 509]]"
2,11,11,crp_source,11,7,0,move_delete_add_only_when_total_le_6,dedicated_live,CRP RIGHT SLOW,"[[11, 7, 510]]"
2,11,11,crp_source,12,7,0,move_delete_add_only_when_total_le_6,dedicated_live,CRP RIGHT SLOW,"[[12, 7, 510]]"
2,11,11,crp_source,13,7,0,move_delete_add_only_when_total_le_6,overflow_overwritten,CRP RIGHT SLOW,"[[13, 7, 510]]"
2,11,11,crp_source,14,7,0,move_delete_add_only_when_total_le_6,overflow_slot76_live,CRP RIGHT SLOW,"[[14, 7, 510]]"
2,12,12,crp_source,8,2,0,move_delete_add_only_when_total_le_6,dedicated_live,CRP LEFT SLOW,"[[8, 2, 508]]"
2,12,12,crp_source,9,2,0,move_delete_add_only_when_total_le_6,dedicated_live,CRP LEFT SLOW,"[[9, 2, 508]]"
2,12,12,crp_source,10,2,0,move_delete_add_only_when_total_le_6,dedicated_live,CRP LEFT SLOW,"[[10, 2, 508]]"
2,12,12,crp_source,11,2,0,move_delete_add_only_when_total_le_6,dedicated_live,CRP LEFT SLOW,"[[11, 2, 508]]"
2,12,12,crp_source,12,2,0,move_delete_add_only_when_total_le_6,dedicated_live,CRP LEFT SLOW,"[[12, 2, 508]]"
2,12,12,crp_source,13,2,0,move_delete_add_only_when_total_le_6,dedicated_live,CRP LEFT SLOW,"[[13, 2, 508]]"
2,12,12,crp_source,14,2,0,move_delete_add_only_when_total_le_6,overflow_slot76_live,CRP LEFT SLOW,"[[14, 2, 508]]"
2,13,4,energy_field_25B_25E,17,4,1,single_cell_place_move_delete,,4-frame ascending cycle $25B-$25E; collision=passable_l1_l3_lethal_l4; source phase=$25C,"[[17, 4, 604]]"
2,13,4,energy_field_25B_25E,17,5,1,single_cell_place_move_delete,,4-frame ascending cycle $25B-$25E; collision=passable_l1_l3_lethal_l4; source phase=$25B,"[[17, 5, 603]]"
2,13,4,crp_source,16,2,0,move_delete_add_only_when_total_le_6,dedicated_live,CRP LEFT SLOW,"[[16, 2, 508]]"
2,13,4,crp_source,17,2,0,move_delete_add_only_when_total_le_6,dedicated_live,CRP LEFT SLOW,"[[17, 2, 508]]"
2,13,4,crp_source,18,2,0,move_delete_add_only_when_total_le_6,dedicated_live,CRP LEFT SLOW,"[[18, 2, 508]]"
2,13,4,crp_source,19,2,0,move_delete_add_only_when_total_le_6,dedicated_live,CRP LEFT SLOW,"[[19, 2, 508]]"
2,13,4,crp_source,6,4,0,move_delete_add_only_when_total_le_6,dedicated_live,CRP LEFT FAST,"[[6, 4, 509]]"
2,13,4,crp_source,12,4,0,move_delete_add_only_when_total_le_6,dedicated_live,CRP LEFT FAST,"[[12, 4, 509]]"
2,14,5,edge_spawn_band,3,10,0,advanced_move_only_preserve_raw_cardinality,,bottom side; persistent ST/ED endpoint semantics,"[[3, 10, 482], [16, 10, 483]]"
2,15,13,organic_cannon_300,13,5,1,atomic_place_move_delete,,,"[[13, 5, 768], [13, 6, 102], [12, 7, 98], [13, 7, 100], [14, 7, 99], [15, 7, 101], [12, 8, 92], [13, 8, 93], [14, 8, 94], [15, 8, 95]]"
2,15,13,edge_spawn_band,3,10,0,advanced_move_only_preserve_raw_cardinality,,bottom side; persistent ST/ED endpoint semantics,"[[3, 10, 482], [10, 10, 483]]"
2,16,21,large_cannon_30C,14,4,1,atomic_place_move_delete_preserve_collateral,,,"[[13, 3, 278], [14, 3, 279], [15, 3, 280], [16, 3, 281], [13, 4, 282], [14, 4, 780], [15, 4, 781], [16, 4, 285], [13, 5, 286], [14, 5, 782], [15, 5, 783]]"
2,16,21,compound_232_2x3,6,5,1,atomic_place_move_delete,,,"[[6, 5, 562], [7, 5, 563], [6, 6, 564], [7, 6, 565], [6, 7, 566], [7, 7, 567]]"
2,16,21,compound_242_2x2,3,7,1,atomic_place_move_delete,,,"[[3, 7, 578], [4, 7, 579], [3, 8, 580], [4, 8, 581]]"
2,17,20,fixed_cannon_31C,5,3,1,single_cell_place_move_delete,,,"[[5, 3, 796]]"
2,17,20,rnet_source,15,2,0,move_delete_add_only_when_total_le_8,live_primary,RNET DOWN,"[[15, 2, 501]]"
2,17,20,rnet_source,9,3,0,move_delete_add_only_when_total_le_8,live_primary,RNET DOWN,"[[9, 3, 501]]"
2,17,20,rnet_source,13,3,0,move_delete_add_only_when_total_le_8,live_primary,RNET DOWN,"[[13, 3, 501]]"
2,17,20,rnet_source,11,4,0,move_delete_add_only_when_total_le_8,live_primary,RNET DOWN,"[[11, 4, 501]]"
2,17,20,rnet_source,10,9,0,move_delete_add_only_when_total_le_8,live_primary,RNET UP,"[[10, 9, 500]]"
2,17,20,rnet_source,12,9,0,move_delete_add_only_when_total_le_8,live_primary,RNET UP,"[[12, 9, 500]]"
2,18,28,compound_232_2x3,3,6,1,atomic_place_move_delete,,,"[[3, 6, 562], [4, 6, 563], [3, 7, 564], [4, 7, 565], [3, 8, 566], [4, 8, 567]]"
2,19,27,right_gun_329,5,8,1,single_cell_place_move_delete,,,"[[5, 8, 809]]"
2,19,27,particle_emitter,8,9,1,single_cell_place_move_delete_with_runtime_pool_warning,,child allocator uses shared slots 19..40 and checks failure,"[[8, 9, 159]]"
2,20,26,compound_232_2x3,3,6,1,atomic_place_move_delete,,,"[[3, 6, 562], [4, 6, 563], [3, 7, 564], [4, 7, 565], [3, 8, 566], [4, 8, 567]]"
2,20,26,rnet_source,8,7,0,move_delete_add_only_when_total_le_8,live_primary,RNET UP,"[[8, 7, 500]]"
2,20,26,rnet_source,9,7,0,move_delete_add_only_when_total_le_8,live_primary,RNET UP,"[[9, 7, 500]]"
2,20,26,rnet_source,13,7,0,move_delete_add_only_when_total_le_8,live_primary,RNET UP,"[[13, 7, 500]]"
2,20,26,rnet_source,14,7,0,move_delete_add_only_when_total_le_8,live_primary,RNET UP,"[[14, 7, 500]]"
2,20,26,rnet_source,11,8,0,move_delete_add_only_when_total_le_8,live_primary,RNET UP,"[[11, 8, 500]]"
2,20,26,edge_spawn_band,0,2,0,advanced_move_only_preserve_raw_cardinality,,left side; persistent ST/ED endpoint semantics,"[[0, 2, 484], [0, 8, 485]]"
2,21,25,solid_animation_253_256,5,4,1,single_cell_place_move_delete,,4-frame descending cycle $253-$256; collision=solid; source phase=$253,"[[5, 4, 595]]"
2,21,25,solid_animation_253_256,8,4,1,single_cell_place_move_delete,,4-frame descending cycle $253-$256; collision=solid; source phase=$256,"[[8, 4, 598]]"
2,21,25,solid_animation_253_256,5,5,1,single_cell_place_move_delete,,4-frame descending cycle $253-$256; collision=solid; source phase=$254,"[[5, 5, 596]]"
2,21,25,energy_field_25B_25E,6,5,1,single_cell_place_move_delete,,4-frame ascending cycle $25B-$25E; collision=passable_l1_l3_lethal_l4; source phase=$25D,"[[6, 5, 605]]"
2,21,25,energy_field_25B_25E,7,5,1,single_cell_place_move_delete,,4-frame ascending cycle $25B-$25E; collision=passable_l1_l3_lethal_l4; source phase=$25C,"[[7, 5, 604]]"
2,21,25,solid_animation_253_256,8,5,1,single_cell_place_move_delete,,4-frame descending cycle $253-$256; collision=solid; source phase=$255,"[[8, 5, 597]]"
2,21,25,solid_animation_253_256,5,6,1,single_cell_place_move_delete,,4-frame descending cycle $253-$256; collision=solid; source phase=$255,"[[5, 6, 597]]"
2,21,25,energy_field_25B_25E,6,6,1,single_cell_place_move_delete,,4-frame ascending cycle $25B-$25E; collision=passable_l1_l3_lethal_l4; source phase=$25C,"[[6, 6, 604]]"
2,21,25,energy_field_25B_25E,7,6,1,single_cell_place_move_delete,,4-frame ascending cycle $25B-$25E; collision=passable_l1_l3_lethal_l4; source phase=$25D,"[[7, 6, 605]]"
2,21,25,solid_animation_253_256,8,6,1,single_cell_place_move_delete,,4-frame descending cycle $253-$256; collision=solid; source phase=$254,"[[8, 6, 596]]"
2,21,25,solid_animation_253_256,5,7,1,single_cell_place_move_delete,,4-frame descending cycle $253-$256; collision=solid; source phase=$256,"[[5, 7, 598]]"
2,21,25,animated_pair_24D_24E,6,7,1,atomic_place_move_delete,,"5-frame horizontal pair: 24D/24E, 24F/250, 251/252, 24F/250, 24D/24E","[[6, 7, 589], [7, 7, 590]]"
2,21,25,solid_animation_253_256,8,7,1,single_cell_place_move_delete,,4-frame descending cycle $253-$256; collision=solid; source phase=$253,"[[8, 7, 595]]"
2,21,25,solid_animation_253_256,5,8,1,single_cell_place_move_delete,,4-frame descending cycle $253-$256; collision=solid; source phase=$253,"[[5, 8, 595]]"
2,21,25,solid_animation_253_256,8,8,1,single_cell_place_move_delete,,4-frame descending cycle $253-$256; collision=solid; source phase=$256,"[[8, 8, 598]]"
2,21,25,ele_vertical,12,2,0,atomic_place_move_delete_max_5_pairs,,two adjacent runtime object records from slots 43..52,"[[12, 2, 504], [12, 6, 505]]"
2,21,25,edge_spawn_band,0,2,0,advanced_move_only_preserve_raw_cardinality,,left side; persistent ST/ED endpoint semantics,"[[0, 2, 484], [0, 8, 485]]"
2,22,24,landing_pad,6,5,0,move_pair_only_one_per_level,,,"[[6, 5, 804], [7, 5, 805]]"
2,22,24,solid_animation_253_256,5,6,1,single_cell_place_move_delete,,4-frame descending cycle $253-$256; collision=solid; source phase=$253,"[[5, 6, 595]]"
2,22,24,solid_animation_253_256,8,6,1,single_cell_place_move_delete,,4-frame descending cycle $253-$256; collision=solid; source phase=$253,"[[8, 6, 595]]"
2,22,24,solid_animation_253_256,5,7,1,single_cell_place_move_delete,,4-frame descending cycle $253-$256; collision=solid; source phase=$254,"[[5, 7, 596]]"
2,22,24,solid_animation_253_256,8,7,1,single_cell_place_move_delete,,4-frame descending cycle $253-$256; collision=solid; source phase=$254,"[[8, 7, 596]]"
2,22,24,solid_animation_253_256,5,8,1,single_cell_place_move_delete,,4-frame descending cycle $253-$256; collision=solid; source phase=$255,"[[5, 8, 597]]"
2,22,24,solid_animation_253_256,8,8,1,single_cell_place_move_delete,,4-frame descending cycle $253-$256; collision=solid; source phase=$255,"[[8, 8, 597]]"
2,22,24,solid_animation_253_256,5,9,1,single_cell_place_move_delete,,4-frame descending cycle $253-$256; collision=solid; source phase=$256,"[[5, 9, 598]]"
2,22,24,animated_pair_24D_24E,6,9,1,atomic_place_move_delete,,"5-frame horizontal pair: 24D/24E, 24F/250, 251/252, 24F/250, 24D/24E","[[6, 9, 589], [7, 9, 590]]"
2,22,24,solid_animation_253_256,8,9,1,single_cell_place_move_delete,,4-frame descending cycle $253-$256; collision=solid; source phase=$256,"[[8, 9, 598]]"
2,22,24,rnet_source,9,3,0,move_delete_add_only_when_total_le_8,live_primary,RNET DOWN,"[[9, 3, 501]]"
2,22,24,rnet_source,12,3,0,move_delete_add_only_when_total_le_8,live_primary,RNET DOWN,"[[12, 3, 501]]"
2,22,24,rnet_source,11,8,0,move_delete_add_only_when_total_le_8,live_primary,RNET UP,"[[11, 8, 500]]"
2,22,24,rnet_source,12,8,0,move_delete_add_only_when_total_le_8,live_primary,RNET UP,"[[12, 8, 500]]"
2,22,24,rnet_source,10,9,0,move_delete_add_only_when_total_le_8,live_primary,RNET UP,"[[10, 9, 500]]"
3,0,1,player_start,16,6,0,move_only_sync_start_room_table,,,"[[16, 6, 43]]"
3,0,1,rnet_source,2,2,0,move_delete_add_only_when_total_le_8,live_primary,RNET DOWN,"[[2, 2, 501]]"
3,0,1,rnet_source,3,2,0,move_delete_add_only_when_total_le_8,live_primary,RNET DOWN,"[[3, 2, 501]]"
3,0,1,rnet_source,6,2,0,move_delete_add_only_when_total_le_8,live_primary,RNET DOWN,"[[6, 2, 501]]"
3,0,1,rnet_source,7,2,0,move_delete_add_only_when_total_le_8,live_primary,RNET DOWN,"[[7, 2, 501]]"
3,0,1,rnet_source,2,8,0,move_delete_add_only_when_total_le_8,live_primary,RNET UP,"[[2, 8, 500]]"
3,0,1,rnet_source,3,8,0,move_delete_add_only_when_total_le_8,live_primary,RNET UP,"[[3, 8, 500]]"
3,0,1,rnet_source,6,8,0,move_delete_add_only_when_total_le_8,live_primary,RNET UP,"[[6, 8, 500]]"
3,0,1,rnet_source,7,8,0,move_delete_add_only_when_total_le_8,live_primary,RNET UP,"[[7, 8, 500]]"
3,1,0,fixed_cannon_31C,9,4,1,single_cell_place_move_delete,,,"[[9, 4, 796]]"
3,1,0,organic_cannon_300,9,5,1,atomic_place_move_delete,,,"[[9, 5, 768], [9, 6, 102], [8, 7, 98], [9, 7, 100], [10, 7, 99], [11, 7, 101], [8, 8, 92], [9, 8, 93], [10, 8, 94], [11, 8, 95]]"
3,1,0,rnet_source,2,2,0,move_delete_add_only_when_total_le_8,live_primary,RNET DOWN,"[[2, 2, 501]]"
3,1,0,rnet_source,3,3,0,move_delete_add_only_when_total_le_8,live_primary,RNET DOWN,"[[3, 3, 501]]"
3,1,0,rnet_source,5,4,0,move_delete_add_only_when_total_le_8,live_primary,RNET DOWN,"[[5, 4, 501]]"
3,2,8,large_cannon_30C,9,4,1,atomic_place_move_delete_preserve_collateral,,,"[[8, 3, 278], [9, 3, 279], [10, 3, 280], [11, 3, 281], [8, 4, 282], [9, 4, 780], [10, 4, 781], [11, 4, 285], [8, 5, 286], [9, 5, 782], [10, 5, 783]]"
3,2,8,compound_242_2x2,3,7,1,atomic_place_move_delete,,,"[[3, 7, 578], [4, 7, 579], [3, 8, 580], [4, 8, 581]]"
3,2,8,reactor_animation,6,8,1,single_cell_place_move_delete,,RACT UP; runtime frames $304-$307,"[[6, 8, 481]]"
3,2,8,edge_spawn_band,19,1,0,advanced_move_only_preserve_raw_cardinality,,right side; persistent ST/ED endpoint semantics,"[[19, 1, 488], [19, 9, 489]]"
3,3,9,rnet_source,8,3,0,move_delete_add_only_when_total_le_8,live_primary,RNET DOWN,"[[8, 3, 501]]"
3,3,9,rnet_source,10,4,0,move_delete_add_only_when_total_le_8,live_primary,RNET DOWN,"[[10, 4, 501]]"
3,3,9,rnet_source,12,5,0,move_delete_add_only_when_total_le_8,live_primary,RNET DOWN,"[[12, 5, 501]]"
3,4,17,left_gun_346,11,6,1,single_cell_place_move_delete,,,"[[11, 6, 838]]"
3,5,16,rnet_source,12,8,0,move_delete_add_only_when_total_le_8,live_primary,RNET UP,"[[12, 8, 500]]"
3,5,16,rnet_source,13,8,0,move_delete_add_only_when_total_le_8,live_primary,RNET UP,"[[13, 8, 500]]"
3,5,16,crp_source,12,2,0,move_delete_add_only_when_total_le_6,dedicated_live,CRP LEFT FAST,"[[12, 2, 509]]"
3,5,16,crp_source,13,2,0,move_delete_add_only_when_total_le_6,dedicated_live,CRP LEFT FAST,"[[13, 2, 509]]"
3,6,24,large_cannon_30C,14,3,1,atomic_place_move_delete_preserve_collateral,,,"[[13, 2, 278], [14, 2, 279], [15, 2, 280], [16, 2, 281], [13, 3, 282], [14, 3, 780], [15, 3, 781], [16, 3, 285], [13, 4, 286], [14, 4, 782], [15, 4, 783]]"
3,6,24,reactor_animation,1,4,1,single_cell_place_move_delete,,RACT DOWN; runtime frames $308-$30B,"[[1, 4, 480]]"
3,6,24,compound_232_2x3,5,6,1,atomic_place_move_delete,,,"[[5, 6, 562], [6, 6, 563], [5, 7, 564], [6, 7, 565], [5, 8, 566], [6, 8, 567]]"
3,6,24,edge_spawn_band,19,2,0,advanced_move_only_preserve_raw_cardinality,,right side; persistent ST/ED endpoint semantics,"[[19, 2, 488], [19, 8, 489]]"
3,7,25,rnet_source,9,7,0,move_delete_add_only_when_total_le_8,live_primary,RNET UP,"[[9, 7, 500]]"
3,7,25,rnet_source,10,7,0,move_delete_add_only_when_total_le_8,live_primary,RNET UP,"[[10, 7, 500]]"
3,7,25,rnet_source,8,8,0,move_delete_add_only_when_total_le_8,live_primary,RNET UP,"[[8, 8, 500]]"
3,7,25,rnet_source,11,8,0,move_delete_add_only_when_total_le_8,live_primary,RNET UP,"[[11, 8, 500]]"
3,7,25,edge_spawn_band,19,2,0,advanced_move_only_preserve_raw_cardinality,,right side; persistent ST/ED endpoint semantics,"[[19, 2, 488], [19, 7, 489]]"
3,8,26,ele_vertical,2,2,0,atomic_place_move_delete_max_5_pairs,,two adjacent runtime object records from slots 43..52,"[[2, 2, 504], [2, 6, 505]]"
3,8,26,ele_vertical,4,3,0,atomic_place_move_delete_max_5_pairs,,two adjacent runtime object records from slots 43..52,"[[4, 3, 504], [4, 7, 505]]"
3,8,26,ele_vertical,6,4,0,atomic_place_move_delete_max_5_pairs,,two adjacent runtime object records from slots 43..52,"[[6, 4, 504], [6, 8, 505]]"
3,8,26,ele_vertical,8,5,0,atomic_place_move_delete_max_5_pairs,,two adjacent runtime object records from slots 43..52,"[[8, 5, 504], [8, 9, 505]]"
3,9,18,compound_232_2x3,2,6,1,atomic_place_move_delete,,,"[[2, 6, 562], [3, 6, 563], [2, 7, 564], [3, 7, 565], [2, 8, 566], [3, 8, 567]]"
3,9,18,compound_242_2x2,5,7,1,atomic_place_move_delete,,,"[[5, 7, 578], [6, 7, 579], [5, 8, 580], [6, 8, 581]]"
3,9,18,edge_spawn_band,3,0,0,advanced_move_only_preserve_raw_cardinality,,top side; persistent ST/ED endpoint semantics,"[[3, 0, 486], [11, 0, 487]]"
3,10,10,organic_cannon_300,4,3,1,atomic_place_move_delete,,,"[[4, 3, 768], [4, 4, 102], [3, 5, 98], [4, 5, 100], [5, 5, 99], [6, 5, 101], [3, 6, 92], [4, 6, 93], [5, 6, 94], [6, 6, 95]]"
3,10,10,edge_spawn_band,2,0,0,advanced_move_only_preserve_raw_cardinality,,top side; persistent ST/ED endpoint semantics,"[[2, 0, 486], [18, 0, 487]]"
3,11,2,reactor_animation,4,2,1,single_cell_place_move_delete,,RACT DOWN; runtime frames $308-$30B,"[[4, 2, 480]]"
3,11,2,reactor_animation,5,2,1,single_cell_place_move_delete,,RACT DOWN; runtime frames $308-$30B,"[[5, 2, 480]]"
3,11,2,large_cannon_30C,8,3,1,atomic_place_move_delete_preserve_collateral,,,"[[7, 2, 278], [8, 2, 279], [9, 2, 280], [10, 2, 281], [7, 3, 282], [8, 3, 780], [9, 3, 781], [10, 3, 285], [7, 4, 286], [8, 4, 782], [9, 4, 783]]"
3,11,2,edge_spawn_band,5,10,0,advanced_move_only_preserve_raw_cardinality,,bottom side; persistent ST/ED endpoint semantics,"[[5, 10, 482], [15, 10, 483]]"
3,12,3,ele_vertical,8,1,0,atomic_place_move_delete_max_5_pairs,,two adjacent runtime object records from slots 43..52,"[[8, 1, 504], [8, 6, 505]]"
3,12,3,ele_vertical,10,1,0,atomic_place_move_delete_max_5_pairs,,two adjacent runtime object records from slots 43..52,"[[10, 1, 504], [10, 6, 505]]"
3,12,3,ele_vertical,12,1,0,atomic_place_move_delete_max_5_pairs,,two adjacent runtime object records from slots 43..52,"[[12, 1, 504], [12, 6, 505]]"
3,12,3,edge_spawn_band,19,1,0,advanced_move_only_preserve_raw_cardinality,,right side; persistent ST/ED endpoint semantics,"[[19, 1, 488], [19, 9, 489]]"
3,13,4,large_cannon_30C,4,2,1,atomic_place_move_delete_preserve_collateral,,,"[[3, 1, 278], [4, 1, 279], [5, 1, 280], [6, 1, 281], [3, 2, 282], [4, 2, 780], [5, 2, 781], [6, 2, 285], [3, 3, 286], [4, 3, 782], [5, 3, 783]]"
3,13,4,rnet_source,11,2,0,move_delete_add_only_when_total_le_8,live_primary,RNET DOWN,"[[11, 2, 501]]"
3,13,4,rnet_source,12,2,0,move_delete_add_only_when_total_le_8,live_primary,RNET DOWN,"[[12, 2, 501]]"
3,13,4,edge_spawn_band,0,6,0,advanced_move_only_preserve_raw_cardinality,,left side; persistent ST/ED endpoint semantics,"[[0, 6, 484], [0, 9, 485]]"
3,14,5,crp_source,14,2,0,move_delete_add_only_when_total_le_6,dedicated_live,CRP LEFT FAST,"[[14, 2, 509]]"
3,14,5,crp_source,16,2,0,move_delete_add_only_when_total_le_6,dedicated_live,CRP LEFT FAST,"[[16, 2, 509]]"
3,14,5,crp_source,15,3,0,move_delete_add_only_when_total_le_6,dedicated_live,CRP LEFT FAST,"[[15, 3, 509]]"
3,14,5,crp_source,14,4,0,move_delete_add_only_when_total_le_6,dedicated_live,CRP LEFT FAST,"[[14, 4, 509]]"
3,14,5,crp_source,13,5,0,move_delete_add_only_when_total_le_6,dedicated_live,CRP LEFT FAST,"[[13, 5, 509]]"
3,14,5,crp_source,12,6,0,move_delete_add_only_when_total_le_6,dedicated_live,CRP LEFT FAST,"[[12, 6, 509]]"
3,15,13,compound_232_2x3,8,6,1,atomic_place_move_delete,,,"[[8, 6, 562], [9, 6, 563], [8, 7, 564], [9, 7, 565], [8, 8, 566], [9, 8, 567]]"
3,15,13,particle_emitter,14,9,1,single_cell_place_move_delete_with_runtime_pool_warning,,child allocator uses shared slots 19..40 and checks failure,"[[14, 9, 159]]"
3,15,13,ele_horizontal,5,8,0,atomic_place_move_delete_max_5_pairs,,two adjacent runtime object records from slots 43..52,"[[5, 8, 502], [6, 8, 503]]"
3,15,13,ele_vertical,11,4,0,atomic_place_move_delete_max_5_pairs,,two adjacent runtime object records from slots 43..52,"[[11, 4, 504], [11, 8, 505]]"
3,16,12,solid_animation_263_266,8,3,1,single_cell_place_move_delete,,4-frame ascending cycle $263-$266; collision=solid; source phase=$266,"[[8, 3, 614]]"
3,16,12,right_gun_329,4,6,1,single_cell_place_move_delete,,,"[[4, 6, 809]]"
3,16,12,crp_source,7,2,0,move_delete_add_only_when_total_le_6,dedicated_live,CRP RIGHT FAST,"[[7, 2, 511]]"
3,16,12,crp_source,8,2,0,move_delete_add_only_when_total_le_6,dedicated_live,CRP RIGHT FAST,"[[8, 2, 511]]"
3,16,12,crp_source,9,2,0,move_delete_add_only_when_total_le_6,dedicated_live,CRP RIGHT FAST,"[[9, 2, 511]]"
3,16,12,crp_source,10,2,0,move_delete_add_only_when_total_le_6,dedicated_live,CRP RIGHT FAST,"[[10, 2, 511]]"
3,16,12,crp_source,11,2,0,move_delete_add_only_when_total_le_6,dedicated_live,CRP RIGHT FAST,"[[11, 2, 511]]"
3,17,11,energy_field_25B_25E,16,5,1,single_cell_place_move_delete,,4-frame ascending cycle $25B-$25E; collision=passable_l1_l3_lethal_l4; source phase=$25B,"[[16, 5, 603]]"
3,17,11,energy_field_25B_25E,16,6,1,single_cell_place_move_delete,,4-frame ascending cycle $25B-$25E; collision=passable_l1_l3_lethal_l4; source phase=$25E,"[[16, 6, 606]]"
3,17,11,edge_spawn_band,3,10,0,advanced_move_only_preserve_raw_cardinality,,bottom side; persistent ST/ED endpoint semantics,"[[3, 10, 482], [13, 10, 483]]"
3,18,19,large_cannon_30C,16,6,1,atomic_place_move_delete_preserve_collateral,,,"[[15, 5, 278], [16, 5, 279], [17, 5, 280], [18, 5, 281], [15, 6, 282], [16, 6, 780], [17, 6, 781], [18, 6, 285], [15, 7, 286], [16, 7, 782], [17, 7, 783]]"
3,18,19,rnet_source,9,6,0,move_delete_add_only_when_total_le_8,live_primary,RNET UP,"[[9, 6, 500]]"
3,18,19,rnet_source,10,6,0,move_delete_add_only_when_total_le_8,live_primary,RNET UP,"[[10, 6, 500]]"
3,18,19,rnet_source,8,7,0,move_delete_add_only_when_total_le_8,live_primary,RNET UP,"[[8, 7, 500]]"
3,18,19,rnet_source,11,7,0,move_delete_add_only_when_total_le_8,live_primary,RNET UP,"[[11, 7, 500]]"
3,18,19,rnet_source,6,8,0,move_delete_add_only_when_total_le_8,live_primary,RNET UP,"[[6, 8, 500]]"
3,18,19,rnet_source,13,8,0,move_delete_add_only_when_total_le_8,live_primary,RNET UP,"[[13, 8, 500]]"
3,19,20,solid_animation_25F_262,14,2,1,single_cell_place_move_delete,,4-frame ascending cycle $25F-$262; collision=solid; source phase=$25F,"[[14, 2, 607]]"
3,19,20,energy_field_257_25A,15,2,1,single_cell_place_move_delete,,4-frame ascending cycle $257-$25A; collision=passable_l1_l3_lethal_l4; source phase=$258,"[[15, 2, 600]]"
3,19,20,energy_field_257_25A,16,2,1,single_cell_place_move_delete,,4-frame ascending cycle $257-$25A; collision=passable_l1_l3_lethal_l4; source phase=$257,"[[16, 2, 599]]"
3,19,20,energy_field_257_25A,17,2,1,single_cell_place_move_delete,,4-frame ascending cycle $257-$25A; collision=passable_l1_l3_lethal_l4; source phase=$25A,"[[17, 2, 602]]"
3,19,20,energy_field_257_25A,18,2,1,single_cell_place_move_delete,,4-frame ascending cycle $257-$25A; collision=passable_l1_l3_lethal_l4; source phase=$259,"[[18, 2, 601]]"
3,19,20,energy_field_257_25A,19,2,1,single_cell_place_move_delete,,4-frame ascending cycle $257-$25A; collision=passable_l1_l3_lethal_l4; source phase=$25A,"[[19, 2, 602]]"
3,19,20,organic_cannon_300,15,5,1,atomic_place_move_delete,,,"[[15, 5, 768], [15, 6, 102], [14, 7, 98], [15, 7, 100], [16, 7, 99], [17, 7, 101], [14, 8, 92], [15, 8, 93], [16, 8, 94], [17, 8, 95]]"
3,19,20,compound_232_2x3,3,6,1,atomic_place_move_delete,,,"[[3, 6, 562], [4, 6, 563], [3, 7, 564], [4, 7, 565], [3, 8, 566], [4, 8, 567]]"
3,19,20,solid_animation_25F_262,18,8,1,single_cell_place_move_delete,,4-frame ascending cycle $25F-$262; collision=solid; source phase=$25F,"[[18, 8, 607]]"
3,19,20,energy_field_257_25A,19,8,1,single_cell_place_move_delete,,4-frame ascending cycle $257-$25A; collision=passable_l1_l3_lethal_l4; source phase=$257,"[[19, 8, 599]]"
3,19,20,rnet_source,6,7,0,move_delete_add_only_when_total_le_8,live_primary,RNET UP,"[[6, 7, 500]]"
3,19,20,rnet_source,7,7,0,move_delete_add_only_when_total_le_8,live_primary,RNET UP,"[[7, 7, 500]]"
3,19,20,rnet_source,9,7,0,move_delete_add_only_when_total_le_8,live_primary,RNET UP,"[[9, 7, 500]]"
3,19,20,rnet_source,10,7,0,move_delete_add_only_when_total_le_8,live_primary,RNET UP,"[[10, 7, 500]]"
3,19,20,rnet_source,8,8,0,move_delete_add_only_when_total_le_8,live_primary,RNET UP,"[[8, 8, 500]]"
3,19,20,rnet_source,11,8,0,move_delete_add_only_when_total_le_8,live_primary,RNET UP,"[[11, 8, 500]]"
3,19,20,edge_spawn_band,19,3,0,advanced_move_only_preserve_raw_cardinality,,right side; persistent ST/ED endpoint semantics,"[[19, 3, 488], [19, 7, 489]]"
3,20,21,energy_field_257_25A,0,2,1,single_cell_place_move_delete,,4-frame ascending cycle $257-$25A; collision=passable_l1_l3_lethal_l4; source phase=$257,"[[0, 2, 599]]"
3,20,21,energy_field_257_25A,1,2,1,single_cell_place_move_delete,,4-frame ascending cycle $257-$25A; collision=passable_l1_l3_lethal_l4; source phase=$258,"[[1, 2, 600]]"
3,20,21,energy_field_257_25A,2,2,1,single_cell_place_move_delete,,4-frame ascending cycle $257-$25A; collision=passable_l1_l3_lethal_l4; source phase=$25A,"[[2, 2, 602]]"
3,20,21,energy_field_257_25A,3,2,1,single_cell_place_move_delete,,4-frame ascending cycle $257-$25A; collision=passable_l1_l3_lethal_l4; source phase=$258,"[[3, 2, 600]]"
3,20,21,energy_field_257_25A,5,2,1,single_cell_place_move_delete,,4-frame ascending cycle $257-$25A; collision=passable_l1_l3_lethal_l4; source phase=$258,"[[5, 2, 600]]"
3,20,21,energy_field_257_25A,6,2,1,single_cell_place_move_delete,,4-frame ascending cycle $257-$25A; collision=passable_l1_l3_lethal_l4; source phase=$25A,"[[6, 2, 602]]"
3,20,21,energy_field_257_25A,7,2,1,single_cell_place_move_delete,,4-frame ascending cycle $257-$25A; collision=passable_l1_l3_lethal_l4; source phase=$257,"[[7, 2, 599]]"
3,20,21,energy_field_257_25A,8,2,1,single_cell_place_move_delete,,4-frame ascending cycle $257-$25A; collision=passable_l1_l3_lethal_l4; source phase=$259,"[[8, 2, 601]]"
3,20,21,energy_field_257_25A,10,2,1,single_cell_place_move_delete,,4-frame ascending cycle $257-$25A; collision=passable_l1_l3_lethal_l4; source phase=$258,"[[10, 2, 600]]"
3,20,21,energy_field_257_25A,11,2,1,single_cell_place_move_delete,,4-frame ascending cycle $257-$25A; collision=passable_l1_l3_lethal_l4; source phase=$257,"[[11, 2, 599]]"
3,20,21,energy_field_257_25A,12,2,1,single_cell_place_move_delete,,4-frame ascending cycle $257-$25A; collision=passable_l1_l3_lethal_l4; source phase=$257,"[[12, 2, 599]]"
3,20,21,energy_field_257_25A,13,2,1,single_cell_place_move_delete,,4-frame ascending cycle $257-$25A; collision=passable_l1_l3_lethal_l4; source phase=$25A,"[[13, 2, 602]]"
3,20,21,energy_field_257_25A,14,2,1,single_cell_place_move_delete,,4-frame ascending cycle $257-$25A; collision=passable_l1_l3_lethal_l4; source phase=$258,"[[14, 2, 600]]"
3,20,21,energy_field_257_25A,15,2,1,single_cell_place_move_delete,,4-frame ascending cycle $257-$25A; collision=passable_l1_l3_lethal_l4; source phase=$257,"[[15, 2, 599]]"
3,20,21,energy_field_257_25A,16,2,1,single_cell_place_move_delete,,4-frame ascending cycle $257-$25A; collision=passable_l1_l3_lethal_l4; source phase=$25A,"[[16, 2, 602]]"
3,20,21,energy_field_257_25A,17,2,1,single_cell_place_move_delete,,4-frame ascending cycle $257-$25A; collision=passable_l1_l3_lethal_l4; source phase=$258,"[[17, 2, 600]]"
3,20,21,energy_field_257_25A,18,2,1,single_cell_place_move_delete,,4-frame ascending cycle $257-$25A; collision=passable_l1_l3_lethal_l4; source phase=$259,"[[18, 2, 601]]"
3,20,21,energy_field_257_25A,19,2,1,single_cell_place_move_delete,,4-frame ascending cycle $257-$25A; collision=passable_l1_l3_lethal_l4; source phase=$25A,"[[19, 2, 602]]"
3,20,21,energy_field_25B_25E,4,3,1,single_cell_place_move_delete,,4-frame ascending cycle $25B-$25E; collision=passable_l1_l3_lethal_l4; source phase=$25D,"[[4, 3, 605]]"
3,20,21,energy_field_25B_25E,9,3,1,single_cell_place_move_delete,,4-frame ascending cycle $25B-$25E; collision=passable_l1_l3_lethal_l4; source phase=$25B,"[[9, 3, 603]]"
3,20,21,energy_field_25B_25E,4,4,1,single_cell_place_move_delete,,4-frame ascending cycle $25B-$25E; collision=passable_l1_l3_lethal_l4; source phase=$25E,"[[4, 4, 606]]"
3,20,21,energy_field_25B_25E,9,4,1,single_cell_place_move_delete,,4-frame ascending cycle $25B-$25E; collision=passable_l1_l3_lethal_l4; source phase=$25E,"[[9, 4, 606]]"
3,20,21,energy_field_25B_25E,4,5,1,single_cell_place_move_delete,,4-frame ascending cycle $25B-$25E; collision=passable_l1_l3_lethal_l4; source phase=$25C,"[[4, 5, 604]]"
3,20,21,energy_field_25B_25E,9,5,1,single_cell_place_move_delete,,4-frame ascending cycle $25B-$25E; collision=passable_l1_l3_lethal_l4; source phase=$25E,"[[9, 5, 606]]"
3,20,21,energy_field_25B_25E,4,6,1,single_cell_place_move_delete,,4-frame ascending cycle $25B-$25E; collision=passable_l1_l3_lethal_l4; source phase=$25D,"[[4, 6, 605]]"
3,20,21,energy_field_25B_25E,9,6,1,single_cell_place_move_delete,,4-frame ascending cycle $25B-$25E; collision=passable_l1_l3_lethal_l4; source phase=$25D,"[[9, 6, 605]]"
3,20,21,energy_field_25B_25E,4,7,1,single_cell_place_move_delete,,4-frame ascending cycle $25B-$25E; collision=passable_l1_l3_lethal_l4; source phase=$25E,"[[4, 7, 606]]"
3,20,21,energy_field_25B_25E,9,7,1,single_cell_place_move_delete,,4-frame ascending cycle $25B-$25E; collision=passable_l1_l3_lethal_l4; source phase=$25C,"[[9, 7, 604]]"
3,20,21,energy_field_257_25A,0,8,1,single_cell_place_move_delete,,4-frame ascending cycle $257-$25A; collision=passable_l1_l3_lethal_l4; source phase=$258,"[[0, 8, 600]]"
3,20,21,energy_field_257_25A,1,8,1,single_cell_place_move_delete,,4-frame ascending cycle $257-$25A; collision=passable_l1_l3_lethal_l4; source phase=$259,"[[1, 8, 601]]"
3,20,21,energy_field_257_25A,2,8,1,single_cell_place_move_delete,,4-frame ascending cycle $257-$25A; collision=passable_l1_l3_lethal_l4; source phase=$25A,"[[2, 8, 602]]"
3,20,21,energy_field_257_25A,3,8,1,single_cell_place_move_delete,,4-frame ascending cycle $257-$25A; collision=passable_l1_l3_lethal_l4; source phase=$257,"[[3, 8, 599]]"
3,20,21,energy_field_257_25A,5,8,1,single_cell_place_move_delete,,4-frame ascending cycle $257-$25A; collision=passable_l1_l3_lethal_l4; source phase=$257,"[[5, 8, 599]]"
3,20,21,energy_field_257_25A,6,8,1,single_cell_place_move_delete,,4-frame ascending cycle $257-$25A; collision=passable_l1_l3_lethal_l4; source phase=$258,"[[6, 8, 600]]"
3,20,21,energy_field_257_25A,7,8,1,single_cell_place_move_delete,,4-frame ascending cycle $257-$25A; collision=passable_l1_l3_lethal_l4; source phase=$259,"[[7, 8, 601]]"
3,20,21,energy_field_257_25A,8,8,1,single_cell_place_move_delete,,4-frame ascending cycle $257-$25A; collision=passable_l1_l3_lethal_l4; source phase=$25A,"[[8, 8, 602]]"
3,20,21,energy_field_257_25A,10,8,1,single_cell_place_move_delete,,4-frame ascending cycle $257-$25A; collision=passable_l1_l3_lethal_l4; source phase=$25A,"[[10, 8, 602]]"
3,20,21,energy_field_257_25A,11,8,1,single_cell_place_move_delete,,4-frame ascending cycle $257-$25A; collision=passable_l1_l3_lethal_l4; source phase=$259,"[[11, 8, 601]]"
3,20,21,energy_field_257_25A,12,8,1,single_cell_place_move_delete,,4-frame ascending cycle $257-$25A; collision=passable_l1_l3_lethal_l4; source phase=$25A,"[[12, 8, 602]]"
3,20,21,energy_field_257_25A,13,8,1,single_cell_place_move_delete,,4-frame ascending cycle $257-$25A; collision=passable_l1_l3_lethal_l4; source phase=$258,"[[13, 8, 600]]"
3,20,21,energy_field_257_25A,14,8,1,single_cell_place_move_delete,,4-frame ascending cycle $257-$25A; collision=passable_l1_l3_lethal_l4; source phase=$257,"[[14, 8, 599]]"
3,20,21,energy_field_257_25A,15,8,1,single_cell_place_move_delete,,4-frame ascending cycle $257-$25A; collision=passable_l1_l3_lethal_l4; source phase=$259,"[[15, 8, 601]]"
3,20,21,energy_field_257_25A,16,8,1,single_cell_place_move_delete,,4-frame ascending cycle $257-$25A; collision=passable_l1_l3_lethal_l4; source phase=$257,"[[16, 8, 599]]"
3,20,21,energy_field_257_25A,17,8,1,single_cell_place_move_delete,,4-frame ascending cycle $257-$25A; collision=passable_l1_l3_lethal_l4; source phase=$259,"[[17, 8, 601]]"
3,20,21,energy_field_257_25A,18,8,1,single_cell_place_move_delete,,4-frame ascending cycle $257-$25A; collision=passable_l1_l3_lethal_l4; source phase=$25A,"[[18, 8, 602]]"
3,20,21,energy_field_257_25A,19,8,1,single_cell_place_move_delete,,4-frame ascending cycle $257-$25A; collision=passable_l1_l3_lethal_l4; source phase=$257,"[[19, 8, 599]]"
3,20,21,edge_spawn_band,19,3,0,advanced_move_only_preserve_raw_cardinality,,right side; persistent ST/ED endpoint semantics,"[[19, 3, 488], [19, 7, 489]]"
3,21,22,energy_field_257_25A,0,2,1,single_cell_place_move_delete,,4-frame ascending cycle $257-$25A; collision=passable_l1_l3_lethal_l4; source phase=$257,"[[0, 2, 599]]"
3,21,22,energy_field_257_25A,1,2,1,single_cell_place_move_delete,,4-frame ascending cycle $257-$25A; collision=passable_l1_l3_lethal_l4; source phase=$259,"[[1, 2, 601]]"
3,21,22,energy_field_257_25A,2,2,1,single_cell_place_move_delete,,4-frame ascending cycle $257-$25A; collision=passable_l1_l3_lethal_l4; source phase=$25A,"[[2, 2, 602]]"
3,21,22,energy_field_257_25A,3,2,1,single_cell_place_move_delete,,4-frame ascending cycle $257-$25A; collision=passable_l1_l3_lethal_l4; source phase=$257,"[[3, 2, 599]]"
3,21,22,energy_field_257_25A,4,2,1,single_cell_place_move_delete,,4-frame ascending cycle $257-$25A; collision=passable_l1_l3_lethal_l4; source phase=$258,"[[4, 2, 600]]"
3,21,22,energy_field_257_25A,5,2,1,single_cell_place_move_delete,,4-frame ascending cycle $257-$25A; collision=passable_l1_l3_lethal_l4; source phase=$257,"[[5, 2, 599]]"
3,21,22,solid_animation_263_266,6,2,1,single_cell_place_move_delete,,4-frame ascending cycle $263-$266; collision=solid; source phase=$265,"[[6, 2, 613]]"
3,21,22,large_cannon_30C,8,3,1,atomic_place_move_delete_preserve_collateral,,,"[[7, 2, 278], [8, 2, 279], [9, 2, 280], [10, 2, 281], [7, 3, 282], [8, 3, 780], [9, 3, 781], [10, 3, 285], [7, 4, 286], [8, 4, 782], [9, 4, 783]]"
3,21,22,organic_cannon_300,6,5,1,atomic_place_move_delete,,,"[[6, 5, 768], [6, 6, 102], [5, 7, 98], [6, 7, 100], [7, 7, 99], [8, 7, 101], [5, 8, 92], [6, 8, 93], [7, 8, 94], [8, 8, 95]]"
3,21,22,energy_field_257_25A,0,8,1,single_cell_place_move_delete,,4-frame ascending cycle $257-$25A; collision=passable_l1_l3_lethal_l4; source phase=$258,"[[0, 8, 600]]"
3,21,22,energy_field_257_25A,1,8,1,single_cell_place_move_delete,,4-frame ascending cycle $257-$25A; collision=passable_l1_l3_lethal_l4; source phase=$259,"[[1, 8, 601]]"
3,21,22,energy_field_257_25A,2,8,1,single_cell_place_move_delete,,4-frame ascending cycle $257-$25A; collision=passable_l1_l3_lethal_l4; source phase=$25A,"[[2, 8, 602]]"
3,21,22,energy_field_257_25A,3,8,1,single_cell_place_move_delete,,4-frame ascending cycle $257-$25A; collision=passable_l1_l3_lethal_l4; source phase=$257,"[[3, 8, 599]]"
3,21,22,solid_animation_263_266,4,8,1,single_cell_place_move_delete,,4-frame ascending cycle $263-$266; collision=solid; source phase=$265,"[[4, 8, 613]]"
3,21,22,edge_spawn_band,13,0,0,advanced_move_only_preserve_raw_cardinality,,top side; persistent ST/ED endpoint semantics,"[[13, 0, 486], [17, 0, 487]]"
3,22,14,rnet_source,3,7,0,move_delete_add_only_when_total_le_8,live_primary,RNET UP,"[[3, 7, 500]]"
3,22,14,rnet_source,4,7,0,move_delete_add_only_when_total_le_8,live_primary,RNET UP,"[[4, 7, 500]]"
3,22,14,rnet_source,8,7,0,move_delete_add_only_when_total_le_8,live_primary,RNET UP,"[[8, 7, 500]]"
3,22,14,rnet_source,9,7,0,move_delete_add_only_when_total_le_8,live_primary,RNET UP,"[[9, 7, 500]]"
3,22,14,rnet_source,2,8,0,move_delete_add_only_when_total_le_8,live_primary,RNET UP,"[[2, 8, 500]]"
3,22,14,rnet_source,6,8,0,move_delete_add_only_when_total_le_8,live_primary,RNET UP,"[[6, 8, 500]]"
3,22,14,rnet_source,10,8,0,move_delete_add_only_when_total_le_8,live_primary,RNET UP,"[[10, 8, 500]]"
3,22,14,edge_spawn_band,2,0,0,advanced_move_only_preserve_raw_cardinality,,top side; persistent ST/ED endpoint semantics,"[[2, 0, 486], [18, 0, 487]]"
3,23,6,rnet_source,4,3,0,move_delete_add_only_when_total_le_8,live_primary,RNET DOWN,"[[4, 3, 501]]"
3,23,6,rnet_source,5,3,0,move_delete_add_only_when_total_le_8,live_primary,RNET DOWN,"[[5, 3, 501]]"
3,23,6,rnet_source,8,3,0,move_delete_add_only_when_total_le_8,live_primary,RNET DOWN,"[[8, 3, 501]]"
3,23,6,rnet_source,9,3,0,move_delete_add_only_when_total_le_8,live_primary,RNET DOWN,"[[9, 3, 501]]"
3,23,6,rnet_source,12,3,0,move_delete_add_only_when_total_le_8,live_primary,RNET DOWN,"[[12, 3, 501]]"
3,23,6,rnet_source,13,3,0,move_delete_add_only_when_total_le_8,live_primary,RNET DOWN,"[[13, 3, 501]]"
3,23,6,rnet_source,16,3,0,move_delete_add_only_when_total_le_8,live_primary,RNET DOWN,"[[16, 3, 501]]"
3,23,6,rnet_source,17,3,0,move_delete_add_only_when_total_le_8,live_primary,RNET DOWN,"[[17, 3, 501]]"
3,24,7,large_cannon_30C,14,3,1,atomic_place_move_delete_preserve_collateral,,,"[[13, 2, 278], [14, 2, 279], [15, 2, 280], [16, 2, 281], [13, 3, 282], [14, 3, 780], [15, 3, 781], [16, 3, 285], [13, 4, 286], [14, 4, 782], [15, 4, 783]]"
3,24,7,rnet_source,11,2,0,move_delete_add_only_when_total_le_8,live_primary,RNET DOWN,"[[11, 2, 501]]"
3,24,7,edge_spawn_band,5,10,0,advanced_move_only_preserve_raw_cardinality,,bottom side; persistent ST/ED endpoint semantics,"[[5, 10, 482], [17, 10, 483]]"
3,25,15,edge_spawn_band,5,10,0,advanced_move_only_preserve_raw_cardinality,,bottom side; persistent ST/ED endpoint semantics,"[[5, 10, 482], [17, 10, 483]]"
3,26,23,compound_232_2x3,7,3,1,atomic_place_move_delete,,,"[[7, 3, 562], [8, 3, 563], [7, 4, 564], [8, 4, 565], [7, 5, 566], [8, 5, 567]]"
3,26,23,compound_242_2x2,5,4,1,atomic_place_move_delete,,,"[[5, 4, 578], [6, 4, 579], [5, 5, 580], [6, 5, 581]]"
3,26,23,reactor_animation,5,9,1,single_cell_place_move_delete,,RACT DOWN; runtime frames $308-$30B,"[[5, 9, 480]]"
3,26,23,reactor_animation,9,9,1,single_cell_place_move_delete,,RACT DOWN; runtime frames $308-$30B,"[[9, 9, 480]]"
3,26,23,edge_spawn_band,5,10,0,advanced_move_only_preserve_raw_cardinality,,bottom side; persistent ST/ED endpoint semantics,"[[5, 10, 483], [17, 10, 483]]"
3,27,31,left_gun_346,14,6,1,single_cell_place_move_delete,,,"[[14, 6, 838]]"
3,28,30,right_gun_329,4,6,1,single_cell_place_move_delete,,,"[[4, 6, 809]]"
3,28,30,particle_emitter,7,8,1,single_cell_place_move_delete_with_runtime_pool_warning,,child allocator uses shared slots 19..40 and checks failure,"[[7, 8, 159]]"
3,29,29,large_cannon_30C,8,3,1,atomic_place_move_delete_preserve_collateral,,,"[[7, 2, 278], [8, 2, 279], [9, 2, 280], [10, 2, 281], [7, 3, 282], [8, 3, 780], [9, 3, 781], [10, 3, 285], [7, 4, 286], [8, 4, 782], [9, 4, 783]]"
3,29,29,organic_cannon_300,9,5,1,atomic_place_move_delete,,,"[[9, 5, 768], [9, 6, 102], [8, 7, 98], [9, 7, 100], [10, 7, 99], [11, 7, 101], [8, 8, 92], [9, 8, 93], [10, 8, 94], [11, 8, 95]]"
3,29,29,reactor_animation,4,8,1,single_cell_place_move_delete,,RACT UP; runtime frames $304-$307,"[[4, 8, 481]]"
3,29,29,reactor_animation,6,8,1,single_cell_place_move_delete,,RACT UP; runtime frames $304-$307,"[[6, 8, 481]]"
3,29,29,edge_spawn_band,0,2,0,advanced_move_only_preserve_raw_cardinality,,left side; persistent ST/ED endpoint semantics,"[[0, 2, 484], [0, 8, 485]]"
3,30,28,compound_232_2x3,6,6,1,atomic_place_move_delete,,,"[[6, 6, 562], [7, 6, 563], [6, 7, 564], [7, 7, 565], [6, 8, 566], [7, 8, 567]]"
3,30,28,compound_242_2x2,4,7,1,atomic_place_move_delete,,,"[[4, 7, 578], [5, 7, 579], [4, 8, 580], [5, 8, 581]]"
3,30,28,rnet_source,4,2,0,move_delete_add_only_when_total_le_8,live_primary,RNET DOWN,"[[4, 2, 501]]"
3,30,28,rnet_source,5,2,0,move_delete_add_only_when_total_le_8,live_primary,RNET DOWN,"[[5, 2, 501]]"
3,30,28,rnet_source,10,2,0,move_delete_add_only_when_total_le_8,live_primary,RNET DOWN,"[[10, 2, 501]]"
3,30,28,rnet_source,11,2,0,move_delete_add_only_when_total_le_8,live_primary,RNET DOWN,"[[11, 2, 501]]"
3,30,28,rnet_source,10,8,0,move_delete_add_only_when_total_le_8,live_primary,RNET UP,"[[10, 8, 500]]"
3,30,28,rnet_source,12,8,0,move_delete_add_only_when_total_le_8,live_primary,RNET UP,"[[12, 8, 500]]"
3,31,27,landing_pad,2,5,0,move_pair_only_one_per_level,,,"[[2, 5, 804], [3, 5, 805]]"
3,31,27,solid_animation_253_256,1,6,1,single_cell_place_move_delete,,4-frame descending cycle $253-$256; collision=solid; source phase=$253,"[[1, 6, 595]]"
3,31,27,solid_animation_253_256,4,6,1,single_cell_place_move_delete,,4-frame descending cycle $253-$256; collision=solid; source phase=$253,"[[4, 6, 595]]"
3,31,27,solid_animation_253_256,1,7,1,single_cell_place_move_delete,,4-frame descending cycle $253-$256; collision=solid; source phase=$254,"[[1, 7, 596]]"
3,31,27,solid_animation_253_256,4,7,1,single_cell_place_move_delete,,4-frame descending cycle $253-$256; collision=solid; source phase=$254,"[[4, 7, 596]]"
3,31,27,solid_animation_253_256,1,8,1,single_cell_place_move_delete,,4-frame descending cycle $253-$256; collision=solid; source phase=$255,"[[1, 8, 597]]"
3,31,27,solid_animation_253_256,4,8,1,single_cell_place_move_delete,,4-frame descending cycle $253-$256; collision=solid; source phase=$255,"[[4, 8, 597]]"
3,31,27,solid_animation_253_256,1,9,1,single_cell_place_move_delete,,4-frame descending cycle $253-$256; collision=solid; source phase=$256,"[[1, 9, 598]]"
3,31,27,animated_pair_24D_24E,2,9,1,atomic_place_move_delete,,"5-frame horizontal pair: 24D/24E, 24F/250, 251/252, 24F/250, 24D/24E","[[2, 9, 589], [3, 9, 590]]"
3,31,27,solid_animation_253_256,4,9,1,single_cell_place_move_delete,,4-frame descending cycle $253-$256; collision=solid; source phase=$256,"[[4, 9, 598]]"
3,31,27,ele_vertical,5,2,0,atomic_place_move_delete_max_5_pairs,,two adjacent runtime object records from slots 43..52,"[[5, 2, 504], [5, 6, 505]]"
3,31,27,ele_vertical,7,3,0,atomic_place_move_delete_max_5_pairs,,two adjacent runtime object records from slots 43..52,"[[7, 3, 504], [7, 7, 505]]"
3,31,27,ele_vertical,11,3,0,atomic_place_move_delete_max_5_pairs,,two adjacent runtime object records from slots 43..52,"[[11, 3, 504], [11, 7, 505]]"
3,31,27,ele_vertical,9,4,0,atomic_place_move_delete_max_5_pairs,,two adjacent runtime object records from slots 43..52,"[[9, 4, 504], [9, 8, 505]]"
3,31,27,rnet_source,14,6,0,move_delete_add_only_when_total_le_8,live_primary,RNET UP,"[[14, 6, 500]]"
4,0,0,ele_horizontal,1,4,0,atomic_place_move_delete_max_5_pairs,,two adjacent runtime object records from slots 43..52,"[[1, 4, 502], [10, 4, 503]]"
4,0,0,ele_horizontal,6,6,0,atomic_place_move_delete_max_5_pairs,,two adjacent runtime object records from slots 43..52,"[[6, 6, 502], [14, 6, 503]]"
4,1,1,ele_horizontal,1,4,0,atomic_place_move_delete_max_5_pairs,,two adjacent runtime object records from slots 43..52,"[[1, 4, 502], [6, 4, 503]]"
4,2,2,mixed_spawn_pit,6,5,1,single_cell_place_move_delete_level4,,cargo or homing-hostile output; child allocations check failure,"[[6, 5, 512]]"
4,2,2,rnet_source,12,1,0,move_delete_add_only_when_total_le_8,live_primary,RNET DOWN,"[[12, 1, 501]]"
4,2,2,rnet_source,15,5,0,move_delete_add_only_when_total_le_8,live_primary,RNET UP,"[[15, 5, 500]]"
4,2,2,rnet_source,1,8,0,move_delete_add_only_when_total_le_8,live_primary,RNET RIGHT,"[[1, 8, 497]]"
4,3,3,solid_animation_26B_26E,19,0,1,single_cell_place_move_delete,,4-frame ascending cycle $26B-$26E; collision=solid; source phase=$26B,"[[19, 0, 619]]"
4,3,3,energy_field_25B_25E,19,1,1,single_cell_place_move_delete,,4-frame ascending cycle $25B-$25E; collision=passable_l1_l3_lethal_l4; source phase=$25B,"[[19, 1, 603]]"
4,3,3,energy_field_25B_25E,19,2,1,single_cell_place_move_delete,,4-frame ascending cycle $25B-$25E; collision=passable_l1_l3_lethal_l4; source phase=$25C,"[[19, 2, 604]]"
4,3,3,right_gun_329,6,3,1,single_cell_place_move_delete,,,"[[6, 3, 809]]"
4,3,3,fixed_cannon_31C,11,3,1,single_cell_place_move_delete,,,"[[11, 3, 796]]"
4,3,3,left_gun_346,15,3,1,single_cell_place_move_delete,,,"[[15, 3, 838]]"
4,3,3,energy_field_25B_25E,19,3,1,single_cell_place_move_delete,,4-frame ascending cycle $25B-$25E; collision=passable_l1_l3_lethal_l4; source phase=$25D,"[[19, 3, 605]]"
4,3,3,solid_animation_267_26A,19,4,1,single_cell_place_move_delete,,4-frame ascending cycle $267-$26A; collision=solid; source phase=$267,"[[19, 4, 615]]"
4,3,3,rnet_source,1,7,0,move_delete_add_only_when_total_le_8,live_primary,RNET RIGHT,"[[1, 7, 497]]"
4,3,3,rnet_source,18,7,0,move_delete_add_only_when_total_le_8,live_primary,RNET LEFT,"[[18, 7, 496]]"
4,3,3,rnet_source,1,8,0,move_delete_add_only_when_total_le_8,live_primary,RNET RIGHT,"[[1, 8, 497]]"
4,3,3,rnet_source,18,9,0,move_delete_add_only_when_total_le_8,live_primary,RNET LEFT,"[[18, 9, 496]]"
4,4,4,reactor_animation,7,1,1,single_cell_place_move_delete,,RACT DOWN; runtime frames $308-$30B,"[[7, 1, 480]]"
4,4,4,reactor_animation,14,1,1,single_cell_place_move_delete,,RACT DOWN; runtime frames $308-$30B,"[[14, 1, 480]]"
4,4,4,organic_cannon_300,4,6,1,atomic_place_move_delete,,,"[[4, 6, 768], [4, 7, 102], [3, 8, 98], [4, 8, 100], [5, 8, 99], [6, 8, 101], [3, 9, 92], [4, 9, 93], [5, 9, 94], [6, 9, 95]]"
4,4,4,organic_cannon_300,14,6,1,atomic_place_move_delete,,,"[[14, 6, 768], [14, 7, 102], [13, 8, 98], [14, 8, 100], [15, 8, 99], [16, 8, 101], [13, 9, 92], [14, 9, 93], [15, 9, 94], [16, 9, 95]]"
4,4,4,rnet_source,9,1,0,move_delete_add_only_when_total_le_8,live_primary,RNET DOWN,"[[9, 1, 501]]"
4,4,4,rnet_source,11,1,0,move_delete_add_only_when_total_le_8,live_primary,RNET DOWN,"[[11, 1, 501]]"
4,4,4,rnet_source,3,4,0,move_delete_add_only_when_total_le_8,live_primary,RNET RIGHT,"[[3, 4, 497]]"
4,4,4,rnet_source,3,5,0,move_delete_add_only_when_total_le_8,live_primary,RNET RIGHT,"[[3, 5, 497]]"
4,5,5,mixed_spawn_pit,15,3,1,single_cell_place_move_delete_level4,,cargo or homing-hostile output; child allocations check failure,"[[15, 3, 512]]"
4,5,5,rnet_source,18,1,0,move_delete_add_only_when_total_le_8,live_primary,RNET DOWN,"[[18, 1, 501]]"
4,5,5,rnet_source,13,9,0,move_delete_add_only_when_total_le_8,live_primary,RNET UP,"[[13, 9, 500]]"
4,5,5,rnet_source,14,9,0,move_delete_add_only_when_total_le_8,live_primary,RNET UP,"[[14, 9, 500]]"
4,5,5,rnet_source,15,9,0,move_delete_add_only_when_total_le_8,live_primary,RNET UP,"[[15, 9, 500]]"
4,5,5,rnet_source,18,9,0,move_delete_add_only_when_total_le_8,live_primary,RNET UP,"[[18, 9, 500]]"
4,6,6,fixed_cannon_31C,9,3,1,single_cell_place_move_delete,,,"[[9, 3, 796]]"
4,6,6,compound_232_2x3,16,7,1,atomic_place_move_delete,,,"[[16, 7, 562], [17, 7, 563], [16, 8, 564], [17, 8, 565], [16, 9, 566], [17, 9, 567]]"
4,6,6,rnet_source,6,9,0,move_delete_add_only_when_total_le_8,live_primary,RNET UP,"[[6, 9, 500]]"
4,6,6,rnet_source,7,9,0,move_delete_add_only_when_total_le_8,live_primary,RNET UP,"[[7, 9, 500]]"
4,6,6,rnet_source,8,9,0,move_delete_add_only_when_total_le_8,live_primary,RNET UP,"[[8, 9, 500]]"
4,6,6,rnet_source,10,9,0,move_delete_add_only_when_total_le_8,live_primary,RNET UP,"[[10, 9, 500]]"
4,6,6,rnet_source,11,9,0,move_delete_add_only_when_total_le_8,live_primary,RNET UP,"[[11, 9, 500]]"
4,6,6,rnet_source,12,9,0,move_delete_add_only_when_total_le_8,live_primary,RNET UP,"[[12, 9, 500]]"
4,7,7,rnet_source,9,1,0,move_delete_add_only_when_total_le_8,live_primary,RNET DOWN,"[[9, 1, 501]]"
4,7,7,rnet_source,10,1,0,move_delete_add_only_when_total_le_8,live_primary,RNET DOWN,"[[10, 1, 501]]"
4,7,7,rnet_source,11,1,0,move_delete_add_only_when_total_le_8,live_primary,RNET DOWN,"[[11, 1, 501]]"
4,7,7,rnet_source,12,1,0,move_delete_add_only_when_total_le_8,live_primary,RNET DOWN,"[[12, 1, 501]]"
4,7,7,crp_source,3,1,0,move_delete_add_only_when_total_le_6,dedicated_live,CRP RIGHT SLOW,"[[3, 1, 510]]"
4,7,7,crp_source,4,1,0,move_delete_add_only_when_total_le_6,dedicated_live,CRP RIGHT SLOW,"[[4, 1, 510]]"
4,7,7,crp_source,5,1,0,move_delete_add_only_when_total_le_6,dedicated_live,CRP RIGHT SLOW,"[[5, 1, 510]]"
4,7,7,crp_source,6,1,0,move_delete_add_only_when_total_le_6,dedicated_live,CRP LEFT SLOW,"[[6, 1, 508]]"
4,7,7,crp_source,7,1,0,move_delete_add_only_when_total_le_6,dedicated_live,CRP LEFT SLOW,"[[7, 1, 508]]"
4,7,7,crp_source,8,1,0,move_delete_add_only_when_total_le_6,dedicated_live,CRP LEFT SLOW,"[[8, 1, 508]]"
4,8,8,mixed_spawn_pit,8,5,1,single_cell_place_move_delete_level4,,cargo or homing-hostile output; child allocations check failure,"[[8, 5, 512]]"
4,8,8,crp_source,2,2,0,move_delete_add_only_when_total_le_6,dedicated_live,CRP RIGHT SLOW,"[[2, 2, 510]]"
4,8,8,crp_source,8,8,0,move_delete_add_only_when_total_le_6,dedicated_live,CRP RIGHT SLOW,"[[8, 8, 510]]"
4,9,9,player_start,16,3,0,move_only_sync_start_room_table,,,"[[16, 3, 43]]"
4,9,9,organic_cannon_300,2,6,1,atomic_place_move_delete,,,"[[2, 6, 768], [2, 7, 102], [1, 8, 98], [2, 8, 100], [3, 8, 99], [4, 8, 101], [1, 9, 92], [2, 9, 93], [3, 9, 94], [4, 9, 95]]"
4,9,9,ele_vertical,6,1,0,atomic_place_move_delete_max_5_pairs,,two adjacent runtime object records from slots 43..52,"[[6, 1, 504], [6, 5, 505]]"
4,9,9,rnet_source,18,1,0,move_delete_add_only_when_total_le_8,live_primary,RNET LEFT,"[[18, 1, 496]]"
4,9,9,rnet_source,18,9,0,move_delete_add_only_when_total_le_8,live_primary,RNET UP,"[[18, 9, 500]]"
4,10,10,ele_horizontal,3,3,0,atomic_place_move_delete_max_5_pairs,,two adjacent runtime object records from slots 43..52,"[[3, 3, 502], [10, 3, 503]]"
4,10,10,ele_horizontal,4,4,0,atomic_place_move_delete_max_5_pairs,,two adjacent runtime object records from slots 43..52,"[[4, 4, 502], [11, 4, 503]]"
4,10,10,ele_horizontal,5,6,0,atomic_place_move_delete_max_5_pairs,,two adjacent runtime object records from slots 43..52,"[[5, 6, 502], [10, 6, 503]]"
4,10,10,crp_source,1,8,0,move_delete_add_only_when_total_le_6,dedicated_live,CRP LEFT SLOW,"[[1, 8, 508]]"
4,11,11,mixed_spawn_pit,5,5,1,single_cell_place_move_delete_level4,,cargo or homing-hostile output; child allocations check failure,"[[5, 5, 738]]"
4,11,11,compound_232_2x3,12,7,1,atomic_place_move_delete,,,"[[12, 7, 562], [13, 7, 563], [12, 8, 564], [13, 8, 565], [12, 9, 566], [13, 9, 567]]"
4,11,11,compound_242_2x2,10,8,1,atomic_place_move_delete,,,"[[10, 8, 578], [11, 8, 579], [10, 9, 580], [11, 9, 581]]"
4,11,11,solid_animation_25F_262,3,10,1,single_cell_place_move_delete,,4-frame ascending cycle $25F-$262; collision=solid; source phase=$25F,"[[3, 10, 607]]"
4,11,11,energy_field_257_25A,4,10,1,single_cell_place_move_delete,,4-frame ascending cycle $257-$25A; collision=passable_l1_l3_lethal_l4; source phase=$258,"[[4, 10, 600]]"
4,11,11,energy_field_257_25A,5,10,1,single_cell_place_move_delete,,4-frame ascending cycle $257-$25A; collision=passable_l1_l3_lethal_l4; source phase=$259,"[[5, 10, 601]]"
4,11,11,energy_field_257_25A,6,10,1,single_cell_place_move_delete,,4-frame ascending cycle $257-$25A; collision=passable_l1_l3_lethal_l4; source phase=$25A,"[[6, 10, 602]]"
4,11,11,energy_field_257_25A,7,10,1,single_cell_place_move_delete,,4-frame ascending cycle $257-$25A; collision=passable_l1_l3_lethal_l4; source phase=$257,"[[7, 10, 599]]"
4,11,11,solid_animation_263_266,8,10,1,single_cell_place_move_delete,,4-frame ascending cycle $263-$266; collision=solid; source phase=$263,"[[8, 10, 611]]"
4,11,11,crp_source,4,3,0,move_delete_add_only_when_total_le_6,dedicated_live,CRP LEFT FAST,"[[4, 3, 509]]"
4,11,11,crp_source,5,3,0,move_delete_add_only_when_total_le_6,dedicated_live,CRP LEFT FAST,"[[5, 3, 509]]"
4,11,11,crp_source,6,3,0,move_delete_add_only_when_total_le_6,dedicated_live,CRP LEFT FAST,"[[6, 3, 509]]"
4,11,11,crp_source,7,3,0,move_delete_add_only_when_total_le_6,dedicated_live,CRP LEFT FAST,"[[7, 3, 509]]"
4,11,11,crp_source,12,3,0,move_delete_add_only_when_total_le_6,dedicated_live,CRP RIGHT SLOW,"[[12, 3, 510]]"
4,11,11,crp_source,13,3,0,move_delete_add_only_when_total_le_6,dedicated_live,CRP RIGHT SLOW,"[[13, 3, 510]]"
4,11,11,crp_source,14,3,0,move_delete_add_only_when_total_le_6,overflow_overwritten,CRP RIGHT SLOW,"[[14, 3, 510]]"
4,11,11,crp_source,15,3,0,move_delete_add_only_when_total_le_6,overflow_slot76_live,CRP RIGHT SLOW,"[[15, 3, 510]]"
4,12,12,solid_animation_26B_26E,12,1,1,single_cell_place_move_delete,,4-frame ascending cycle $26B-$26E; collision=solid; source phase=$26B,"[[12, 1, 619]]"
4,12,12,large_cannon_30C,6,2,1,atomic_place_move_delete_preserve_collateral,,,"[[5, 1, 278], [6, 1, 279], [7, 1, 280], [8, 1, 281], [5, 2, 282], [6, 2, 780], [7, 2, 781], [8, 2, 285], [5, 3, 286], [6, 3, 782], [7, 3, 783]]"
4,12,12,energy_field_25B_25E,12,2,1,single_cell_place_move_delete,,4-frame ascending cycle $25B-$25E; collision=passable_l1_l3_lethal_l4; source phase=$25C,"[[12, 2, 604]]"
4,12,12,organic_cannon_300,3,3,1,atomic_place_move_delete,,,"[[3, 3, 768], [3, 4, 102], [2, 5, 98], [3, 5, 100], [4, 5, 99], [5, 5, 101], [2, 6, 92], [3, 6, 93], [4, 6, 94], [5, 6, 95]]"
4,12,12,energy_field_25B_25E,12,3,1,single_cell_place_move_delete,,4-frame ascending cycle $25B-$25E; collision=passable_l1_l3_lethal_l4; source phase=$25D,"[[12, 3, 605]]"
4,12,12,energy_field_25B_25E,12,4,1,single_cell_place_move_delete,,4-frame ascending cycle $25B-$25E; collision=passable_l1_l3_lethal_l4; source phase=$25E,"[[12, 4, 606]]"
4,12,12,solid_animation_267_26A,12,5,1,single_cell_place_move_delete,,4-frame ascending cycle $267-$26A; collision=solid; source phase=$267,"[[12, 5, 615]]"
4,12,12,organic_cannon_300,9,6,1,atomic_place_move_delete,,,"[[9, 6, 768], [9, 7, 102], [8, 8, 98], [9, 8, 100], [10, 8, 99], [11, 8, 101], [8, 9, 92], [9, 9, 93], [10, 9, 94], [11, 9, 95]]"
4,12,12,rnet_source,13,1,0,move_delete_add_only_when_total_le_8,live_primary,RNET DOWN,"[[13, 1, 501]]"
4,12,12,rnet_source,14,1,0,move_delete_add_only_when_total_le_8,live_primary,RNET DOWN,"[[14, 1, 501]]"
4,12,12,rnet_source,15,1,0,move_delete_add_only_when_total_le_8,live_primary,RNET DOWN,"[[15, 1, 501]]"
4,12,12,rnet_source,16,1,0,move_delete_add_only_when_total_le_8,live_primary,RNET DOWN,"[[16, 1, 501]]"
4,12,12,rnet_source,17,5,0,move_delete_add_only_when_total_le_8,live_primary,RNET UP,"[[17, 5, 500]]"
4,13,13,left_gun_346,13,2,1,single_cell_place_move_delete,,,"[[13, 2, 838]]"
4,13,13,right_gun_329,4,3,1,single_cell_place_move_delete,,,"[[4, 3, 809]]"
4,13,13,mixed_spawn_pit,8,4,1,single_cell_place_move_delete_level4,,cargo or homing-hostile output; child allocations check failure,"[[8, 4, 512]]"
4,13,13,left_gun_346,13,6,1,single_cell_place_move_delete,,,"[[13, 6, 838]]"
4,13,13,right_gun_329,4,7,1,single_cell_place_move_delete,,,"[[4, 7, 809]]"
4,14,14,rnet_source,10,4,0,move_delete_add_only_when_total_le_8,live_primary,RNET UP,"[[10, 4, 500]]"
4,14,14,rnet_source,9,5,0,move_delete_add_only_when_total_le_8,live_primary,RNET LEFT,"[[9, 5, 496]]"
4,14,14,rnet_source,11,5,0,move_delete_add_only_when_total_le_8,live_primary,RNET RIGHT,"[[11, 5, 497]]"
4,14,14,rnet_source,10,6,0,move_delete_add_only_when_total_le_8,live_primary,RNET DOWN,"[[10, 6, 501]]"
4,14,14,edge_spawn_band,19,1,0,advanced_move_only_preserve_raw_cardinality,,right side; persistent ST/ED endpoint semantics,"[[19, 1, 488], [19, 3, 489]]"
4,15,15,fixed_cannon_31C,2,3,1,single_cell_place_move_delete,,,"[[2, 3, 796]]"
4,15,15,mixed_spawn_pit,16,4,1,single_cell_place_move_delete_level4,,cargo or homing-hostile output; child allocations check failure,"[[16, 4, 738]]"
4,15,15,compound_232_2x3,1,7,1,atomic_place_move_delete,,,"[[1, 7, 562], [2, 7, 563], [1, 8, 564], [2, 8, 565], [1, 9, 566], [2, 9, 567]]"
4,15,15,ele_vertical,6,2,0,atomic_place_move_delete_max_5_pairs,,two adjacent runtime object records from slots 43..52,"[[6, 2, 504], [6, 6, 505]]"
4,15,15,ele_vertical,8,3,0,atomic_place_move_delete_max_5_pairs,,two adjacent runtime object records from slots 43..52,"[[8, 3, 504], [8, 7, 505]]"
4,15,15,crp_source,5,4,0,move_delete_add_only_when_total_le_6,dedicated_live,CRP RIGHT FAST,"[[5, 4, 511]]"
4,15,15,crp_source,9,4,0,move_delete_add_only_when_total_le_6,dedicated_live,CRP RIGHT SLOW,"[[9, 4, 510]]"
4,16,16,left_gun_346,11,4,1,single_cell_place_move_delete,,,"[[11, 4, 838]]"
4,16,16,edge_spawn_band,2,10,0,advanced_move_only_preserve_raw_cardinality,,bottom side; persistent ST/ED endpoint semantics,"[[2, 10, 482], [8, 10, 483]]"
4,17,17,ele_horizontal,4,4,0,atomic_place_move_delete_max_5_pairs,,two adjacent runtime object records from slots 43..52,"[[4, 4, 502], [10, 4, 503]]"
4,17,17,ele_horizontal,5,6,0,atomic_place_move_delete_max_5_pairs,,two adjacent runtime object records from slots 43..52,"[[5, 6, 502], [11, 6, 503]]"
4,17,17,ele_vertical,7,2,0,atomic_place_move_delete_max_5_pairs,,two adjacent runtime object records from slots 43..52,"[[7, 2, 504], [7, 7, 505]]"
4,17,17,ele_vertical,9,3,0,atomic_place_move_delete_max_5_pairs,,two adjacent runtime object records from slots 43..52,"[[9, 3, 504], [9, 8, 505]]"
4,18,18,rnet_source,8,9,0,move_delete_add_only_when_total_le_8,live_primary,RNET UP,"[[8, 9, 500]]"
4,18,18,rnet_source,9,9,0,move_delete_add_only_when_total_le_8,live_primary,RNET UP,"[[9, 9, 500]]"
4,18,18,rnet_source,15,9,0,move_delete_add_only_when_total_le_8,live_primary,RNET UP,"[[15, 9, 500]]"
4,18,18,rnet_source,16,9,0,move_delete_add_only_when_total_le_8,live_primary,RNET UP,"[[16, 9, 500]]"
4,19,19,solid_animation_25F_262,8,3,1,single_cell_place_move_delete,,4-frame ascending cycle $25F-$262; collision=solid; source phase=$25F,"[[8, 3, 607]]"
4,19,19,energy_field_257_25A,9,3,1,single_cell_place_move_delete,,4-frame ascending cycle $257-$25A; collision=passable_l1_l3_lethal_l4; source phase=$25A,"[[9, 3, 602]]"
4,19,19,energy_field_257_25A,10,3,1,single_cell_place_move_delete,,4-frame ascending cycle $257-$25A; collision=passable_l1_l3_lethal_l4; source phase=$258,"[[10, 3, 600]]"
4,19,19,energy_field_257_25A,11,3,1,single_cell_place_move_delete,,4-frame ascending cycle $257-$25A; collision=passable_l1_l3_lethal_l4; source phase=$257,"[[11, 3, 599]]"
4,19,19,energy_field_257_25A,12,3,1,single_cell_place_move_delete,,4-frame ascending cycle $257-$25A; collision=passable_l1_l3_lethal_l4; source phase=$259,"[[12, 3, 601]]"
4,19,19,energy_field_257_25A,13,3,1,single_cell_place_move_delete,,4-frame ascending cycle $257-$25A; collision=passable_l1_l3_lethal_l4; source phase=$25A,"[[13, 3, 602]]"
4,19,19,energy_field_257_25A,14,3,1,single_cell_place_move_delete,,4-frame ascending cycle $257-$25A; collision=passable_l1_l3_lethal_l4; source phase=$259,"[[14, 3, 601]]"
4,19,19,energy_field_257_25A,15,3,1,single_cell_place_move_delete,,4-frame ascending cycle $257-$25A; collision=passable_l1_l3_lethal_l4; source phase=$25A,"[[15, 3, 602]]"
4,19,19,energy_field_257_25A,16,3,1,single_cell_place_move_delete,,4-frame ascending cycle $257-$25A; collision=passable_l1_l3_lethal_l4; source phase=$257,"[[16, 3, 599]]"
4,19,19,solid_animation_263_266,17,3,1,single_cell_place_move_delete,,4-frame ascending cycle $263-$266; collision=solid; source phase=$263,"[[17, 3, 611]]"
4,19,19,solid_animation_25F_262,8,4,1,single_cell_place_move_delete,,4-frame ascending cycle $25F-$262; collision=solid; source phase=$262,"[[8, 4, 610]]"
4,19,19,energy_field_257_25A,9,4,1,single_cell_place_move_delete,,4-frame ascending cycle $257-$25A; collision=passable_l1_l3_lethal_l4; source phase=$258,"[[9, 4, 600]]"
4,19,19,energy_field_257_25A,10,4,1,single_cell_place_move_delete,,4-frame ascending cycle $257-$25A; collision=passable_l1_l3_lethal_l4; source phase=$258,"[[10, 4, 600]]"
4,19,19,energy_field_257_25A,11,4,1,single_cell_place_move_delete,,4-frame ascending cycle $257-$25A; collision=passable_l1_l3_lethal_l4; source phase=$25A,"[[11, 4, 602]]"
4,19,19,energy_field_257_25A,12,4,1,single_cell_place_move_delete,,4-frame ascending cycle $257-$25A; collision=passable_l1_l3_lethal_l4; source phase=$259,"[[12, 4, 601]]"
4,19,19,energy_field_257_25A,13,4,1,single_cell_place_move_delete,,4-frame ascending cycle $257-$25A; collision=passable_l1_l3_lethal_l4; source phase=$257,"[[13, 4, 599]]"
4,19,19,energy_field_257_25A,14,4,1,single_cell_place_move_delete,,4-frame ascending cycle $257-$25A; collision=passable_l1_l3_lethal_l4; source phase=$257,"[[14, 4, 599]]"
4,19,19,energy_field_257_25A,15,4,1,single_cell_place_move_delete,,4-frame ascending cycle $257-$25A; collision=passable_l1_l3_lethal_l4; source phase=$259,"[[15, 4, 601]]"
4,19,19,energy_field_257_25A,16,4,1,single_cell_place_move_delete,,4-frame ascending cycle $257-$25A; collision=passable_l1_l3_lethal_l4; source phase=$25A,"[[16, 4, 602]]"
4,19,19,solid_animation_263_266,17,4,1,single_cell_place_move_delete,,4-frame ascending cycle $263-$266; collision=solid; source phase=$264,"[[17, 4, 612]]"
4,19,19,rnet_source,18,6,0,move_delete_add_only_when_total_le_8,live_primary,RNET LEFT,"[[18, 6, 496]]"
4,19,19,rnet_source,1,7,0,move_delete_add_only_when_total_le_8,live_primary,RNET RIGHT,"[[1, 7, 497]]"
4,19,19,rnet_source,18,8,0,move_delete_add_only_when_total_le_8,live_primary,RNET LEFT,"[[18, 8, 496]]"
4,19,19,rnet_source,3,9,0,move_delete_add_only_when_total_le_8,live_primary,RNET UP,"[[3, 9, 500]]"
4,19,19,rnet_source,6,9,0,move_delete_add_only_when_total_le_8,live_primary,RNET UP,"[[6, 9, 500]]"
4,19,19,rnet_source,9,9,0,move_delete_add_only_when_total_le_8,live_primary,RNET UP,"[[9, 9, 500]]"
4,19,19,rnet_source,12,9,0,move_delete_add_only_when_total_le_8,live_primary,RNET UP,"[[12, 9, 500]]"
4,19,19,rnet_source,15,9,0,move_delete_add_only_when_total_le_8,live_primary,RNET UP,"[[15, 9, 500]]"
4,20,20,ele_horizontal,13,1,0,atomic_place_move_delete_max_5_pairs,,two adjacent runtime object records from slots 43..52,"[[13, 1, 502], [17, 1, 503]]"
4,20,20,ele_horizontal,14,3,0,atomic_place_move_delete_max_5_pairs,,two adjacent runtime object records from slots 43..52,"[[14, 3, 502], [18, 3, 503]]"
4,20,20,ele_horizontal,13,5,0,atomic_place_move_delete_max_5_pairs,,two adjacent runtime object records from slots 43..52,"[[13, 5, 502], [17, 5, 503]]"
4,20,20,ele_horizontal,14,7,0,atomic_place_move_delete_max_5_pairs,,two adjacent runtime object records from slots 43..52,"[[14, 7, 502], [18, 7, 503]]"
4,20,20,rnet_source,6,1,0,move_delete_add_only_when_total_le_8,live_primary,RNET LEFT,"[[6, 1, 496]]"
4,20,20,rnet_source,1,2,0,move_delete_add_only_when_total_le_8,live_primary,RNET RIGHT,"[[1, 2, 497]]"
4,20,20,rnet_source,7,2,0,move_delete_add_only_when_total_le_8,live_primary,RNET DOWN,"[[7, 2, 501]]"
4,20,20,rnet_source,10,2,0,move_delete_add_only_when_total_le_8,live_primary,RNET LEFT,"[[10, 2, 496]]"
4,20,20,rnet_source,3,3,0,move_delete_add_only_when_total_le_8,live_primary,RNET UP,"[[3, 3, 500]]"
4,20,20,rnet_source,2,4,0,move_delete_add_only_when_total_le_8,live_primary,RNET LEFT,"[[2, 4, 496]]"
4,20,20,rnet_source,4,4,0,move_delete_add_only_when_total_le_8,live_primary,RNET RIGHT,"[[4, 4, 497]]"
4,20,20,rnet_source,3,5,0,move_delete_add_only_when_total_le_8,live_primary,RNET DOWN,"[[3, 5, 501]]"
4,20,20,rnet_source,7,5,0,move_delete_add_only_when_total_le_8,skipped_pool_full,RNET UP,"[[7, 5, 500]]"
4,20,20,rnet_source,6,6,0,move_delete_add_only_when_total_le_8,skipped_pool_full,RNET LEFT,"[[6, 6, 496]]"
4,20,20,rnet_source,8,6,0,move_delete_add_only_when_total_le_8,skipped_pool_full,RNET RIGHT,"[[8, 6, 497]]"
4,20,20,rnet_source,2,7,0,move_delete_add_only_when_total_le_8,skipped_pool_full,RNET LEFT,"[[2, 7, 496]]"
4,20,20,rnet_source,4,7,0,move_delete_add_only_when_total_le_8,skipped_pool_full,RNET RIGHT,"[[4, 7, 497]]"
4,20,20,rnet_source,7,7,0,move_delete_add_only_when_total_le_8,skipped_pool_full,RNET DOWN,"[[7, 7, 501]]"
4,20,20,rnet_source,3,8,0,move_delete_add_only_when_total_le_8,skipped_pool_full,RNET DOWN,"[[3, 8, 501]]"
4,21,21,fixed_cannon_31C,5,4,1,single_cell_place_move_delete,,,"[[5, 4, 796]]"
4,21,21,fixed_cannon_31C,15,4,1,single_cell_place_move_delete,,,"[[15, 4, 796]]"
4,21,21,compound_232_2x3,13,5,1,atomic_place_move_delete,,,"[[13, 5, 562], [14, 5, 563], [13, 6, 564], [14, 6, 565], [13, 7, 566], [14, 7, 567]]"
4,21,21,compound_232_2x3,4,6,1,atomic_place_move_delete,,,"[[4, 6, 562], [5, 6, 563], [4, 7, 564], [5, 7, 565], [4, 8, 566], [5, 8, 567]]"
4,21,21,compound_242_2x2,11,6,1,atomic_place_move_delete,,,"[[11, 6, 578], [12, 6, 579], [11, 7, 580], [12, 7, 581]]"
4,22,22,organic_cannon_300,4,5,1,atomic_place_move_delete,,,"[[4, 5, 768], [4, 6, 102], [3, 7, 98], [4, 7, 100], [5, 7, 99], [6, 7, 101], [3, 8, 92], [4, 8, 93], [5, 8, 94], [6, 8, 95]]"
4,22,22,left_gun_346,12,6,1,single_cell_place_move_delete,,,"[[12, 6, 838]]"
4,22,22,rnet_source,3,2,0,move_delete_add_only_when_total_le_8,live_primary,RNET RIGHT,"[[3, 2, 497]]"
4,22,22,rnet_source,9,2,0,move_delete_add_only_when_total_le_8,live_primary,RNET DOWN,"[[9, 2, 501]]"
4,22,22,rnet_source,16,2,0,move_delete_add_only_when_total_le_8,live_primary,RNET LEFT,"[[16, 2, 496]]"
4,23,23,large_cannon_30C,15,2,1,atomic_place_move_delete_preserve_collateral,,,"[[14, 1, 278], [15, 1, 279], [16, 1, 280], [17, 1, 281], [14, 2, 282], [15, 2, 780], [16, 2, 781], [17, 2, 285], [14, 3, 286], [15, 3, 782], [16, 3, 783]]"
4,23,23,fixed_cannon_31C,9,3,1,single_cell_place_move_delete,,,"[[9, 3, 796]]"
4,24,24,organic_cannon_300,7,6,1,atomic_place_move_delete,,,"[[7, 6, 768], [7, 7, 102], [6, 8, 98], [7, 8, 100], [8, 8, 99], [9, 8, 101], [6, 9, 92], [7, 9, 93], [8, 9, 94], [9, 9, 95]]"
4,24,24,compound_232_2x3,3,7,1,atomic_place_move_delete,,,"[[3, 7, 562], [4, 7, 563], [3, 8, 564], [4, 8, 565], [3, 9, 566], [4, 9, 567]]"
4,24,24,rnet_source,10,1,0,move_delete_add_only_when_total_le_8,live_primary,RNET DOWN,"[[10, 1, 501]]"
4,24,24,rnet_source,11,1,0,move_delete_add_only_when_total_le_8,live_primary,RNET DOWN,"[[11, 1, 501]]"
4,24,24,rnet_source,12,1,0,move_delete_add_only_when_total_le_8,live_primary,RNET DOWN,"[[12, 1, 501]]"
4,24,24,rnet_source,17,1,0,move_delete_add_only_when_total_le_8,live_primary,RNET DOWN,"[[17, 1, 501]]"
4,24,24,rnet_source,18,2,0,move_delete_add_only_when_total_le_8,live_primary,RNET LEFT,"[[18, 2, 496]]"
4,24,24,rnet_source,18,4,0,move_delete_add_only_when_total_le_8,live_primary,RNET LEFT,"[[18, 4, 496]]"
4,24,24,rnet_source,18,5,0,move_delete_add_only_when_total_le_8,live_primary,RNET LEFT,"[[18, 5, 496]]"
4,24,24,rnet_source,18,6,0,move_delete_add_only_when_total_le_8,live_primary,RNET LEFT,"[[18, 6, 496]]"
4,25,25,ele_horizontal,1,4,0,atomic_place_move_delete_max_5_pairs,,two adjacent runtime object records from slots 43..52,"[[1, 4, 502], [8, 4, 503]]"
4,25,25,ele_horizontal,4,6,0,atomic_place_move_delete_max_5_pairs,,two adjacent runtime object records from slots 43..52,"[[4, 6, 502], [10, 6, 503]]"
4,25,25,ele_horizontal,7,8,0,atomic_place_move_delete_max_5_pairs,,two adjacent runtime object records from slots 43..52,"[[7, 8, 502], [13, 8, 503]]"
4,26,26,left_gun_346,15,4,1,single_cell_place_move_delete,,,"[[15, 4, 838]]"
4,27,27,rnet_source,6,3,0,move_delete_add_only_when_total_le_8,live_primary,RNET DOWN,"[[6, 3, 501]]"
4,27,27,rnet_source,7,3,0,move_delete_add_only_when_total_le_8,live_primary,RNET DOWN,"[[7, 3, 501]]"
4,27,27,rnet_source,3,9,0,move_delete_add_only_when_total_le_8,live_primary,RNET UP,"[[3, 9, 500]]"
4,27,27,rnet_source,4,9,0,move_delete_add_only_when_total_le_8,live_primary,RNET UP,"[[4, 9, 500]]"
4,27,27,rnet_source,9,9,0,move_delete_add_only_when_total_le_8,live_primary,RNET UP,"[[9, 9, 500]]"
4,27,27,rnet_source,10,9,0,move_delete_add_only_when_total_le_8,live_primary,RNET UP,"[[10, 9, 500]]"
4,27,27,crp_source,2,3,0,move_delete_add_only_when_total_le_6,dedicated_live,CRP LEFT SLOW,"[[2, 3, 508]]"
4,27,27,crp_source,3,3,0,move_delete_add_only_when_total_le_6,dedicated_live,CRP LEFT SLOW,"[[3, 3, 508]]"
4,27,27,crp_source,4,3,0,move_delete_add_only_when_total_le_6,dedicated_live,CRP LEFT SLOW,"[[4, 3, 508]]"
4,27,27,crp_source,12,3,0,move_delete_add_only_when_total_le_6,dedicated_live,CRP RIGHT FAST,"[[12, 3, 511]]"
4,27,27,crp_source,13,3,0,move_delete_add_only_when_total_le_6,dedicated_live,CRP RIGHT FAST,"[[13, 3, 511]]"
4,27,27,crp_source,14,3,0,move_delete_add_only_when_total_le_6,dedicated_live,CRP RIGHT FAST,"[[14, 3, 511]]"
4,27,27,crp_source,15,3,0,move_delete_add_only_when_total_le_6,overflow_slot76_live,CRP RIGHT FAST,"[[15, 3, 511]]"
4,28,28,fixed_cannon_31C,10,3,1,single_cell_place_move_delete,,,"[[10, 3, 796]]"
4,28,28,left_gun_346,14,5,1,single_cell_place_move_delete,,,"[[14, 5, 838]]"
4,29,29,ele_horizontal,1,1,0,atomic_place_move_delete_max_5_pairs,,two adjacent runtime object records from slots 43..52,"[[1, 1, 502], [15, 1, 503]]"
4,29,29,ele_horizontal,6,5,0,atomic_place_move_delete_max_5_pairs,,two adjacent runtime object records from slots 43..52,"[[6, 5, 502], [15, 5, 503]]"
4,29,29,crp_source,2,1,0,move_delete_add_only_when_total_le_6,dedicated_live,CRP LEFT SLOW,"[[2, 1, 508]]"
4,29,29,crp_source,3,1,0,move_delete_add_only_when_total_le_6,dedicated_live,CRP LEFT SLOW,"[[3, 1, 508]]"
4,29,29,crp_source,4,1,0,move_delete_add_only_when_total_le_6,dedicated_live,CRP LEFT SLOW,"[[4, 1, 508]]"
4,29,29,crp_source,2,3,0,move_delete_add_only_when_total_le_6,dedicated_live,CRP LEFT SLOW,"[[2, 3, 508]]"
4,29,29,crp_source,3,3,0,move_delete_add_only_when_total_le_6,dedicated_live,CRP LEFT SLOW,"[[3, 3, 508]]"
4,29,29,crp_source,4,3,0,move_delete_add_only_when_total_le_6,dedicated_live,CRP LEFT SLOW,"[[4, 3, 508]]"
4,30,30,mixed_spawn_pit,5,5,1,single_cell_place_move_delete_level4,,cargo or homing-hostile output; child allocations check failure,"[[5, 5, 512]]"
4,30,30,mixed_spawn_pit,11,5,1,single_cell_place_move_delete_level4,,cargo or homing-hostile output; child allocations check failure,"[[11, 5, 512]]"
4,30,30,rnet_source,1,2,0,move_delete_add_only_when_total_le_8,live_primary,RNET RIGHT,"[[1, 2, 497]]"
4,30,30,rnet_source,1,3,0,move_delete_add_only_when_total_le_8,live_primary,RNET RIGHT,"[[1, 3, 497]]"
4,30,30,rnet_source,18,3,0,move_delete_add_only_when_total_le_8,live_primary,RNET LEFT,"[[18, 3, 496]]"
4,30,30,rnet_source,18,5,0,move_delete_add_only_when_total_le_8,live_primary,RNET LEFT,"[[18, 5, 496]]"
4,31,31,solid_animation_26B_26E,1,1,1,single_cell_place_move_delete,,4-frame ascending cycle $26B-$26E; collision=solid; source phase=$26B,"[[1, 1, 619]]"
4,31,31,solid_animation_26B_26E,2,1,1,single_cell_place_move_delete,,4-frame ascending cycle $26B-$26E; collision=solid; source phase=$26B,"[[2, 1, 619]]"
4,31,31,energy_field_25B_25E,1,2,1,single_cell_place_move_delete,,4-frame ascending cycle $25B-$25E; collision=passable_l1_l3_lethal_l4; source phase=$25B,"[[1, 2, 603]]"
4,31,31,energy_field_25B_25E,2,2,1,single_cell_place_move_delete,,4-frame ascending cycle $25B-$25E; collision=passable_l1_l3_lethal_l4; source phase=$25C,"[[2, 2, 604]]"
4,31,31,energy_field_25B_25E,1,3,1,single_cell_place_move_delete,,4-frame ascending cycle $25B-$25E; collision=passable_l1_l3_lethal_l4; source phase=$25C,"[[1, 3, 604]]"
4,31,31,energy_field_25B_25E,2,3,1,single_cell_place_move_delete,,4-frame ascending cycle $25B-$25E; collision=passable_l1_l3_lethal_l4; source phase=$25D,"[[2, 3, 605]]"
4,31,31,energy_field_25B_25E,1,4,1,single_cell_place_move_delete,,4-frame ascending cycle $25B-$25E; collision=passable_l1_l3_lethal_l4; source phase=$25D,"[[1, 4, 605]]"
4,31,31,energy_field_25B_25E,2,4,1,single_cell_place_move_delete,,4-frame ascending cycle $25B-$25E; collision=passable_l1_l3_lethal_l4; source phase=$25B,"[[2, 4, 603]]"
4,31,31,energy_field_25B_25E,1,5,1,single_cell_place_move_delete,,4-frame ascending cycle $25B-$25E; collision=passable_l1_l3_lethal_l4; source phase=$25D,"[[1, 5, 605]]"
4,31,31,energy_field_25B_25E,2,5,1,single_cell_place_move_delete,,4-frame ascending cycle $25B-$25E; collision=passable_l1_l3_lethal_l4; source phase=$25C,"[[2, 5, 604]]"
4,31,31,energy_field_25B_25E,1,6,1,single_cell_place_move_delete,,4-frame ascending cycle $25B-$25E; collision=passable_l1_l3_lethal_l4; source phase=$25E,"[[1, 6, 606]]"
4,31,31,energy_field_25B_25E,2,6,1,single_cell_place_move_delete,,4-frame ascending cycle $25B-$25E; collision=passable_l1_l3_lethal_l4; source phase=$25E,"[[2, 6, 606]]"
4,31,31,energy_field_25B_25E,1,7,1,single_cell_place_move_delete,,4-frame ascending cycle $25B-$25E; collision=passable_l1_l3_lethal_l4; source phase=$25E,"[[1, 7, 606]]"
4,31,31,energy_field_25B_25E,2,7,1,single_cell_place_move_delete,,4-frame ascending cycle $25B-$25E; collision=passable_l1_l3_lethal_l4; source phase=$25D,"[[2, 7, 605]]"
4,31,31,solid_animation_267_26A,1,8,1,single_cell_place_move_delete,,4-frame ascending cycle $267-$26A; collision=solid; source phase=$269,"[[1, 8, 617]]"
4,31,31,solid_animation_267_26A,2,8,1,single_cell_place_move_delete,,4-frame ascending cycle $267-$26A; collision=solid; source phase=$269,"[[2, 8, 617]]"
4,31,31,crp_source,9,1,0,move_delete_add_only_when_total_le_6,dedicated_live,CRP RIGHT SLOW,"[[9, 1, 510]]"
4,31,31,crp_source,10,1,0,move_delete_add_only_when_total_le_6,dedicated_live,CRP RIGHT SLOW,"[[10, 1, 510]]"
4,31,31,crp_source,11,1,0,move_delete_add_only_when_total_le_6,dedicated_live,CRP RIGHT SLOW,"[[11, 1, 510]]"
4,31,31,crp_source,12,4,0,move_delete_add_only_when_total_le_6,dedicated_live,CRP LEFT SLOW,"[[12, 4, 508]]"
4,31,31,crp_source,13,4,0,move_delete_add_only_when_total_le_6,dedicated_live,CRP LEFT SLOW,"[[13, 4, 508]]"
4,31,31,crp_source,14,4,0,move_delete_add_only_when_total_le_6,dedicated_live,CRP LEFT SLOW,"[[14, 4, 508]]"
4,32,32,ele_horizontal,9,4,0,atomic_place_move_delete_max_5_pairs,,two adjacent runtime object records from slots 43..52,"[[9, 4, 502], [12, 4, 503]]"
4,32,32,ele_horizontal,9,7,0,atomic_place_move_delete_max_5_pairs,,two adjacent runtime object records from slots 43..52,"[[9, 7, 502], [12, 7, 503]]"
4,32,32,ele_vertical,7,2,0,atomic_place_move_delete_max_5_pairs,,two adjacent runtime object records from slots 43..52,"[[7, 2, 504], [7, 5, 505]]"
4,32,32,ele_vertical,14,6,0,atomic_place_move_delete_max_5_pairs,,two adjacent runtime object records from slots 43..52,"[[14, 6, 504], [14, 9, 505]]"
4,33,33,crp_source,13,1,0,move_delete_add_only_when_total_le_6,dedicated_live,CRP LEFT SLOW,"[[13, 1, 508]]"
4,33,33,crp_source,14,1,0,move_delete_add_only_when_total_le_6,dedicated_live,CRP LEFT SLOW,"[[14, 1, 508]]"
4,33,33,crp_source,15,1,0,move_delete_add_only_when_total_le_6,dedicated_live,CRP RIGHT SLOW,"[[15, 1, 510]]"
4,33,33,crp_source,4,8,0,move_delete_add_only_when_total_le_6,dedicated_live,CRP RIGHT FAST,"[[4, 8, 511]]"
4,33,33,crp_source,7,8,0,move_delete_add_only_when_total_le_6,dedicated_live,CRP LEFT FAST,"[[7, 8, 509]]"
4,33,33,crp_source,10,8,0,move_delete_add_only_when_total_le_6,dedicated_live,CRP RIGHT FAST,"[[10, 8, 511]]"
4,33,33,crp_source,13,8,0,move_delete_add_only_when_total_le_6,overflow_overwritten,CRP RIGHT FAST,"[[13, 8, 511]]"
4,33,33,crp_source,16,8,0,move_delete_add_only_when_total_le_6,overflow_slot76_live,CRP LEFT FAST,"[[16, 8, 509]]"
4,34,34,left_gun_346,4,7,1,single_cell_place_move_delete,,,"[[4, 7, 838]]"
4,34,34,right_gun_329,13,7,1,single_cell_place_move_delete,,,"[[13, 7, 809]]"
4,35,35,particle_emitter,15,7,1,single_cell_place_move_delete_with_runtime_pool_warning,,child allocator uses shared slots 19..40 and checks failure,"[[15, 7, 159]]"
4,36,36,left_gun_346,13,3,1,single_cell_place_move_delete,,,"[[13, 3, 838]]"
4,36,36,rnet_source,6,1,0,move_delete_add_only_when_total_le_8,live_primary,RNET DOWN,"[[6, 1, 501]]"
4,36,36,rnet_source,13,1,0,move_delete_add_only_when_total_le_8,live_primary,RNET DOWN,"[[13, 1, 501]]"
4,36,36,rnet_source,3,3,0,move_delete_add_only_when_total_le_8,live_primary,RNET DOWN,"[[3, 3, 501]]"
4,36,36,rnet_source,2,4,0,move_delete_add_only_when_total_le_8,live_primary,RNET DOWN,"[[2, 4, 501]]"
4,36,36,rnet_source,1,5,0,move_delete_add_only_when_total_le_8,live_primary,RNET DOWN,"[[1, 5, 501]]"
4,36,36,rnet_source,8,7,0,move_delete_add_only_when_total_le_8,live_primary,RNET UP,"[[8, 7, 500]]"
4,36,36,rnet_source,18,7,0,move_delete_add_only_when_total_le_8,live_primary,RNET UP,"[[18, 7, 500]]"
4,37,37,fixed_cannon_31C,7,3,1,single_cell_place_move_delete,,,"[[7, 3, 796]]"
4,37,37,left_gun_346,15,3,1,single_cell_place_move_delete,,,"[[15, 3, 838]]"
4,37,37,compound_232_2x3,4,7,1,atomic_place_move_delete,,,"[[4, 7, 562], [5, 7, 563], [4, 8, 564], [5, 8, 565], [4, 9, 566], [5, 9, 567]]"
4,37,37,compound_232_2x3,10,7,1,atomic_place_move_delete,,,"[[10, 7, 562], [11, 7, 563], [10, 8, 564], [11, 8, 565], [10, 9, 566], [11, 9, 567]]"
4,37,37,left_gun_346,15,7,1,single_cell_place_move_delete,,,"[[15, 7, 838]]"
4,37,37,compound_242_2x2,7,8,1,atomic_place_move_delete,,,"[[7, 8, 578], [8, 8, 579], [7, 9, 580], [8, 9, 581]]"
4,38,38,compound_232_2x3,17,4,1,atomic_place_move_delete,,,"[[17, 4, 562], [18, 4, 563], [17, 5, 564], [18, 5, 565], [17, 6, 566], [18, 6, 567]]"
4,38,38,rnet_source,11,1,0,move_delete_add_only_when_total_le_8,live_primary,RNET DOWN,"[[11, 1, 501]]"
4,38,38,rnet_source,3,2,0,move_delete_add_only_when_total_le_8,live_primary,RNET RIGHT,"[[3, 2, 497]]"
4,38,38,rnet_source,4,4,0,move_delete_add_only_when_total_le_8,live_primary,RNET RIGHT,"[[4, 4, 497]]"
4,38,38,rnet_source,6,6,0,move_delete_add_only_when_total_le_8,live_primary,RNET RIGHT,"[[6, 6, 497]]"
4,38,38,rnet_source,13,6,0,move_delete_add_only_when_total_le_8,live_primary,RNET UP,"[[13, 6, 500]]"
4,38,38,rnet_source,11,9,0,move_delete_add_only_when_total_le_8,live_primary,RNET UP,"[[11, 9, 500]]"
4,39,39,organic_cannon_300,1,3,1,atomic_place_move_delete,,,"[[1, 3, 768], [1, 4, 102], [0, 5, 98], [1, 5, 100], [2, 5, 99], [3, 5, 101], [0, 6, 92], [1, 6, 93], [2, 6, 94], [3, 6, 95]]"
4,39,39,organic_cannon_300,15,6,1,atomic_place_move_delete,,,"[[15, 6, 768], [15, 7, 102], [14, 8, 98], [15, 8, 100], [16, 8, 99], [17, 8, 101], [14, 9, 92], [15, 9, 93], [16, 9, 94], [17, 9, 95]]"
4,39,39,rnet_source,10,1,0,move_delete_add_only_when_total_le_8,live_primary,RNET DOWN,"[[10, 1, 501]]"
4,39,39,rnet_source,11,1,0,move_delete_add_only_when_total_le_8,live_primary,RNET DOWN,"[[11, 1, 501]]"
4,40,40,left_gun_346,15,2,1,single_cell_place_move_delete,,,"[[15, 2, 838]]"
4,40,40,organic_cannon_300,11,6,1,atomic_place_move_delete,,,"[[11, 6, 768], [11, 7, 102], [10, 8, 98], [11, 8, 100], [12, 8, 99], [13, 8, 101], [10, 9, 92], [11, 9, 93], [12, 9, 94], [13, 9, 95]]"
4,40,40,rnet_source,18,1,0,move_delete_add_only_when_total_le_8,live_primary,RNET LEFT,"[[18, 1, 496]]"
4,40,40,rnet_source,18,7,0,move_delete_add_only_when_total_le_8,live_primary,RNET LEFT,"[[18, 7, 496]]"
4,40,40,rnet_source,18,8,0,move_delete_add_only_when_total_le_8,live_primary,RNET LEFT,"[[18, 8, 496]]"
4,40,40,rnet_source,18,9,0,move_delete_add_only_when_total_le_8,live_primary,RNET LEFT,"[[18, 9, 496]]"
4,40,40,edge_spawn_band,6,10,0,advanced_move_only_preserve_raw_cardinality,,bottom side; persistent ST/ED endpoint semantics,"[[6, 10, 483]]"
4,41,41,compound_232_2x3,14,7,1,atomic_place_move_delete,,,"[[14, 7, 562], [15, 7, 563], [14, 8, 564], [15, 8, 565], [14, 9, 566], [15, 9, 567]]"
4,41,41,crp_source,2,1,0,move_delete_add_only_when_total_le_6,dedicated_live,CRP LEFT FAST,"[[2, 1, 509]]"
4,41,41,crp_source,2,8,0,move_delete_add_only_when_total_le_6,dedicated_live,CRP RIGHT SLOW,"[[2, 8, 510]]"
4,41,41,crp_source,3,8,0,move_delete_add_only_when_total_le_6,dedicated_live,CRP RIGHT SLOW,"[[3, 8, 510]]"
4,41,41,crp_source,4,8,0,move_delete_add_only_when_total_le_6,dedicated_live,CRP RIGHT SLOW,"[[4, 8, 510]]"
4,43,43,large_cannon_30C,7,4,1,atomic_place_move_delete_preserve_collateral,,,"[[6, 3, 278], [7, 3, 279], [8, 3, 280], [9, 3, 281], [6, 4, 282], [7, 4, 780], [8, 4, 781], [9, 4, 285], [6, 5, 286], [7, 5, 782], [8, 5, 783]]"
4,43,43,compound_232_2x3,14,5,1,atomic_place_move_delete,,,"[[14, 5, 562], [15, 5, 563], [14, 6, 564], [15, 6, 565], [14, 7, 566], [15, 7, 567]]"
4,43,43,edge_spawn_band,6,10,0,advanced_move_only_preserve_raw_cardinality,,bottom side; persistent ST/ED endpoint semantics,"[[6, 10, 482], [12, 10, 483]]"
4,44,44,rnet_source,15,6,0,move_delete_add_only_when_total_le_8,live_primary,RNET LEFT,"[[15, 6, 496]]"
4,44,44,crp_source,8,1,0,move_delete_add_only_when_total_le_6,dedicated_live,CRP RIGHT SLOW,"[[8, 1, 510]]"
4,44,44,crp_source,9,1,0,move_delete_add_only_when_total_le_6,dedicated_live,CRP RIGHT SLOW,"[[9, 1, 510]]"
4,44,44,crp_source,10,1,0,move_delete_add_only_when_total_le_6,dedicated_live,CRP RIGHT SLOW,"[[10, 1, 510]]"
4,44,44,crp_source,11,3,0,move_delete_add_only_when_total_le_6,dedicated_live,CRP RIGHT FAST,"[[11, 3, 511]]"
4,44,44,crp_source,4,8,0,move_delete_add_only_when_total_le_6,dedicated_live,CRP RIGHT FAST,"[[4, 8, 511]]"
4,45,45,ele_vertical,6,1,0,atomic_place_move_delete_max_5_pairs,,two adjacent runtime object records from slots 43..52,"[[6, 1, 504], [6, 5, 505]]"
4,45,45,rnet_source,13,1,0,move_delete_add_only_when_total_le_8,live_primary,RNET DOWN,"[[13, 1, 501]]"
4,45,45,rnet_source,14,1,0,move_delete_add_only_when_total_le_8,live_primary,RNET DOWN,"[[14, 1, 501]]"
4,45,45,rnet_source,15,1,0,move_delete_add_only_when_total_le_8,live_primary,RNET DOWN,"[[15, 1, 501]]"
4,45,45,crp_source,12,1,0,move_delete_add_only_when_total_le_6,dedicated_live,CRP RIGHT SLOW,"[[12, 1, 510]]"
4,45,45,crp_source,11,2,0,move_delete_add_only_when_total_le_6,dedicated_live,CRP RIGHT SLOW,"[[11, 2, 510]]"
4,45,45,crp_source,10,3,0,move_delete_add_only_when_total_le_6,dedicated_live,CRP RIGHT SLOW,"[[10, 3, 510]]"
4,45,45,crp_source,9,4,0,move_delete_add_only_when_total_le_6,dedicated_live,CRP RIGHT SLOW,"[[9, 4, 510]]"
4,45,45,crp_source,8,5,0,move_delete_add_only_when_total_le_6,dedicated_live,CRP RIGHT SLOW,"[[8, 5, 510]]"
4,45,45,crp_source,7,6,0,move_delete_add_only_when_total_le_6,dedicated_live,CRP RIGHT SLOW,"[[7, 6, 510]]"
4,46,46,organic_cannon_300,7,5,1,atomic_place_move_delete,,,"[[7, 5, 768], [7, 6, 102], [6, 7, 98], [7, 7, 100], [8, 7, 99], [9, 7, 101], [6, 8, 92], [7, 8, 93], [8, 8, 94], [9, 8, 95]]"
4,46,46,organic_cannon_300,16,5,1,atomic_place_move_delete,,,"[[16, 5, 768], [16, 6, 102], [15, 7, 98], [16, 7, 100], [17, 7, 99], [18, 7, 101], [15, 8, 92], [16, 8, 93], [17, 8, 94], [18, 8, 95]]"
4,46,46,rnet_source,18,1,0,move_delete_add_only_when_total_le_8,live_primary,RNET DOWN,"[[18, 1, 501]]"
4,47,47,solid_animation_25F_262,5,8,1,single_cell_place_move_delete,,4-frame ascending cycle $25F-$262; collision=solid; source phase=$262,"[[5, 8, 610]]"
4,47,47,energy_field_257_25A,6,8,1,single_cell_place_move_delete,,4-frame ascending cycle $257-$25A; collision=passable_l1_l3_lethal_l4; source phase=$257,"[[6, 8, 599]]"
4,47,47,energy_field_257_25A,7,8,1,single_cell_place_move_delete,,4-frame ascending cycle $257-$25A; collision=passable_l1_l3_lethal_l4; source phase=$258,"[[7, 8, 600]]"
4,47,47,energy_field_257_25A,8,8,1,single_cell_place_move_delete,,4-frame ascending cycle $257-$25A; collision=passable_l1_l3_lethal_l4; source phase=$259,"[[8, 8, 601]]"
4,47,47,energy_field_257_25A,9,8,1,single_cell_place_move_delete,,4-frame ascending cycle $257-$25A; collision=passable_l1_l3_lethal_l4; source phase=$25A,"[[9, 8, 602]]"
4,47,47,energy_field_257_25A,10,8,1,single_cell_place_move_delete,,4-frame ascending cycle $257-$25A; collision=passable_l1_l3_lethal_l4; source phase=$257,"[[10, 8, 599]]"
4,47,47,energy_field_257_25A,11,8,1,single_cell_place_move_delete,,4-frame ascending cycle $257-$25A; collision=passable_l1_l3_lethal_l4; source phase=$258,"[[11, 8, 600]]"
4,47,47,energy_field_257_25A,12,8,1,single_cell_place_move_delete,,4-frame ascending cycle $257-$25A; collision=passable_l1_l3_lethal_l4; source phase=$259,"[[12, 8, 601]]"
4,47,47,energy_field_257_25A,13,8,1,single_cell_place_move_delete,,4-frame ascending cycle $257-$25A; collision=passable_l1_l3_lethal_l4; source phase=$25A,"[[13, 8, 602]]"
4,47,47,energy_field_257_25A,14,8,1,single_cell_place_move_delete,,4-frame ascending cycle $257-$25A; collision=passable_l1_l3_lethal_l4; source phase=$257,"[[14, 8, 599]]"
4,47,47,solid_animation_263_266,15,8,1,single_cell_place_move_delete,,4-frame ascending cycle $263-$266; collision=solid; source phase=$265,"[[15, 8, 613]]"
4,47,47,solid_animation_25F_262,5,9,1,single_cell_place_move_delete,,4-frame ascending cycle $25F-$262; collision=solid; source phase=$25F,"[[5, 9, 607]]"
4,47,47,energy_field_257_25A,6,9,1,single_cell_place_move_delete,,4-frame ascending cycle $257-$25A; collision=passable_l1_l3_lethal_l4; source phase=$258,"[[6, 9, 600]]"
4,47,47,energy_field_257_25A,7,9,1,single_cell_place_move_delete,,4-frame ascending cycle $257-$25A; collision=passable_l1_l3_lethal_l4; source phase=$257,"[[7, 9, 599]]"
4,47,47,energy_field_257_25A,8,9,1,single_cell_place_move_delete,,4-frame ascending cycle $257-$25A; collision=passable_l1_l3_lethal_l4; source phase=$258,"[[8, 9, 600]]"
4,47,47,energy_field_257_25A,9,9,1,single_cell_place_move_delete,,4-frame ascending cycle $257-$25A; collision=passable_l1_l3_lethal_l4; source phase=$259,"[[9, 9, 601]]"
4,47,47,energy_field_257_25A,10,9,1,single_cell_place_move_delete,,4-frame ascending cycle $257-$25A; collision=passable_l1_l3_lethal_l4; source phase=$25A,"[[10, 9, 602]]"
4,47,47,energy_field_257_25A,11,9,1,single_cell_place_move_delete,,4-frame ascending cycle $257-$25A; collision=passable_l1_l3_lethal_l4; source phase=$257,"[[11, 9, 599]]"
4,47,47,energy_field_257_25A,12,9,1,single_cell_place_move_delete,,4-frame ascending cycle $257-$25A; collision=passable_l1_l3_lethal_l4; source phase=$258,"[[12, 9, 600]]"
4,47,47,energy_field_257_25A,13,9,1,single_cell_place_move_delete,,4-frame ascending cycle $257-$25A; collision=passable_l1_l3_lethal_l4; source phase=$259,"[[13, 9, 601]]"
4,47,47,energy_field_257_25A,14,9,1,single_cell_place_move_delete,,4-frame ascending cycle $257-$25A; collision=passable_l1_l3_lethal_l4; source phase=$25A,"[[14, 9, 602]]"
4,47,47,solid_animation_263_266,15,9,1,single_cell_place_move_delete,,4-frame ascending cycle $263-$266; collision=solid; source phase=$266,"[[15, 9, 614]]"
4,47,47,solid_animation_25F_262,5,10,1,single_cell_place_move_delete,,4-frame ascending cycle $25F-$262; collision=solid; source phase=$260,"[[5, 10, 608]]"
4,47,47,energy_field_257_25A,6,10,1,single_cell_place_move_delete,,4-frame ascending cycle $257-$25A; collision=passable_l1_l3_lethal_l4; source phase=$257,"[[6, 10, 599]]"
4,47,47,energy_field_257_25A,7,10,1,single_cell_place_move_delete,,4-frame ascending cycle $257-$25A; collision=passable_l1_l3_lethal_l4; source phase=$25A,"[[7, 10, 602]]"
4,47,47,energy_field_257_25A,8,10,1,single_cell_place_move_delete,,4-frame ascending cycle $257-$25A; collision=passable_l1_l3_lethal_l4; source phase=$257,"[[8, 10, 599]]"
4,47,47,energy_field_257_25A,9,10,1,single_cell_place_move_delete,,4-frame ascending cycle $257-$25A; collision=passable_l1_l3_lethal_l4; source phase=$258,"[[9, 10, 600]]"
4,47,47,energy_field_257_25A,10,10,1,single_cell_place_move_delete,,4-frame ascending cycle $257-$25A; collision=passable_l1_l3_lethal_l4; source phase=$259,"[[10, 10, 601]]"
4,47,47,energy_field_257_25A,11,10,1,single_cell_place_move_delete,,4-frame ascending cycle $257-$25A; collision=passable_l1_l3_lethal_l4; source phase=$25A,"[[11, 10, 602]]"
4,47,47,energy_field_257_25A,12,10,1,single_cell_place_move_delete,,4-frame ascending cycle $257-$25A; collision=passable_l1_l3_lethal_l4; source phase=$257,"[[12, 10, 599]]"
4,47,47,energy_field_257_25A,13,10,1,single_cell_place_move_delete,,4-frame ascending cycle $257-$25A; collision=passable_l1_l3_lethal_l4; source phase=$258,"[[13, 10, 600]]"
4,47,47,energy_field_257_25A,14,10,1,single_cell_place_move_delete,,4-frame ascending cycle $257-$25A; collision=passable_l1_l3_lethal_l4; source phase=$259,"[[14, 10, 601]]"
4,47,47,solid_animation_263_266,15,10,1,single_cell_place_move_delete,,4-frame ascending cycle $263-$266; collision=solid; source phase=$263,"[[15, 10, 611]]"
4,47,47,rnet_source,18,1,0,move_delete_add_only_when_total_le_8,live_primary,RNET DOWN,"[[18, 1, 501]]"
4,47,47,rnet_source,2,6,0,move_delete_add_only_when_total_le_8,live_primary,RNET RIGHT,"[[2, 6, 497]]"
4,47,47,crp_source,12,1,0,move_delete_add_only_when_total_le_6,dedicated_live,CRP LEFT SLOW,"[[12, 1, 508]]"
4,47,47,crp_source,8,6,0,move_delete_add_only_when_total_le_6,dedicated_live,CRP RIGHT SLOW,"[[8, 6, 510]]"
4,47,47,crp_source,11,6,0,move_delete_add_only_when_total_le_6,dedicated_live,CRP RIGHT SLOW,"[[11, 6, 510]]"
4,48,48,left_gun_346,16,1,1,single_cell_place_move_delete,,,"[[16, 1, 838]]"
4,48,48,left_gun_346,13,3,1,single_cell_place_move_delete,,,"[[13, 3, 838]]"
4,48,48,left_gun_346,10,5,1,single_cell_place_move_delete,,,"[[10, 5, 838]]"
4,48,48,left_gun_346,7,7,1,single_cell_place_move_delete,,,"[[7, 7, 838]]"
4,48,48,left_gun_346,4,8,1,single_cell_place_move_delete,,,"[[4, 8, 838]]"
4,49,49,mixed_spawn_pit,11,6,1,single_cell_place_move_delete_level4,,cargo or homing-hostile output; child allocations check failure,"[[11, 6, 512]]"
4,50,50,rnet_source,16,9,0,move_delete_add_only_when_total_le_8,live_primary,RNET LEFT,"[[16, 9, 496]]"
4,50,50,edge_spawn_band,3,0,0,advanced_move_only_preserve_raw_cardinality,,top side; persistent ST/ED endpoint semantics,"[[3, 0, 486], [4, 0, 487]]"
4,51,51,solid_animation_25F_262,1,10,1,single_cell_place_move_delete,,4-frame ascending cycle $25F-$262; collision=solid; source phase=$260,"[[1, 10, 608]]"
4,51,51,energy_field_257_25A,2,10,1,single_cell_place_move_delete,,4-frame ascending cycle $257-$25A; collision=passable_l1_l3_lethal_l4; source phase=$257,"[[2, 10, 599]]"
4,51,51,energy_field_257_25A,3,10,1,single_cell_place_move_delete,,4-frame ascending cycle $257-$25A; collision=passable_l1_l3_lethal_l4; source phase=$258,"[[3, 10, 600]]"
4,51,51,energy_field_257_25A,4,10,1,single_cell_place_move_delete,,4-frame ascending cycle $257-$25A; collision=passable_l1_l3_lethal_l4; source phase=$259,"[[4, 10, 601]]"
4,51,51,energy_field_257_25A,5,10,1,single_cell_place_move_delete,,4-frame ascending cycle $257-$25A; collision=passable_l1_l3_lethal_l4; source phase=$25A,"[[5, 10, 602]]"
4,51,51,energy_field_257_25A,6,10,1,single_cell_place_move_delete,,4-frame ascending cycle $257-$25A; collision=passable_l1_l3_lethal_l4; source phase=$257,"[[6, 10, 599]]"
4,51,51,energy_field_257_25A,7,10,1,single_cell_place_move_delete,,4-frame ascending cycle $257-$25A; collision=passable_l1_l3_lethal_l4; source phase=$258,"[[7, 10, 600]]"
4,51,51,energy_field_257_25A,8,10,1,single_cell_place_move_delete,,4-frame ascending cycle $257-$25A; collision=passable_l1_l3_lethal_l4; source phase=$259,"[[8, 10, 601]]"
4,51,51,energy_field_257_25A,9,10,1,single_cell_place_move_delete,,4-frame ascending cycle $257-$25A; collision=passable_l1_l3_lethal_l4; source phase=$25A,"[[9, 10, 602]]"
4,51,51,energy_field_257_25A,10,10,1,single_cell_place_move_delete,,4-frame ascending cycle $257-$25A; collision=passable_l1_l3_lethal_l4; source phase=$257,"[[10, 10, 599]]"
4,51,51,energy_field_257_25A,11,10,1,single_cell_place_move_delete,,4-frame ascending cycle $257-$25A; collision=passable_l1_l3_lethal_l4; source phase=$258,"[[11, 10, 600]]"
4,51,51,energy_field_257_25A,12,10,1,single_cell_place_move_delete,,4-frame ascending cycle $257-$25A; collision=passable_l1_l3_lethal_l4; source phase=$259,"[[12, 10, 601]]"
4,51,51,energy_field_257_25A,13,10,1,single_cell_place_move_delete,,4-frame ascending cycle $257-$25A; collision=passable_l1_l3_lethal_l4; source phase=$25A,"[[13, 10, 602]]"
4,51,51,energy_field_257_25A,14,10,1,single_cell_place_move_delete,,4-frame ascending cycle $257-$25A; collision=passable_l1_l3_lethal_l4; source phase=$257,"[[14, 10, 599]]"
4,51,51,energy_field_257_25A,15,10,1,single_cell_place_move_delete,,4-frame ascending cycle $257-$25A; collision=passable_l1_l3_lethal_l4; source phase=$258,"[[15, 10, 600]]"
4,51,51,energy_field_257_25A,16,10,1,single_cell_place_move_delete,,4-frame ascending cycle $257-$25A; collision=passable_l1_l3_lethal_l4; source phase=$259,"[[16, 10, 601]]"
4,51,51,energy_field_257_25A,17,10,1,single_cell_place_move_delete,,4-frame ascending cycle $257-$25A; collision=passable_l1_l3_lethal_l4; source phase=$25A,"[[17, 10, 602]]"
4,51,51,solid_animation_263_266,18,10,1,single_cell_place_move_delete,,4-frame ascending cycle $263-$266; collision=solid; source phase=$263,"[[18, 10, 611]]"
4,51,51,edge_spawn_band,2,9,0,advanced_move_only_preserve_raw_cardinality,,bottom side; persistent ST/ED endpoint semantics,"[[2, 9, 482], [17, 9, 483]]"
4,52,52,right_gun_329,4,1,1,single_cell_place_move_delete,,,"[[4, 1, 809]]"
4,52,52,rnet_source,3,9,0,move_delete_add_only_when_total_le_8,live_primary,RNET UP,"[[3, 9, 500]]"
4,52,52,rnet_source,5,9,0,move_delete_add_only_when_total_le_8,live_primary,RNET UP,"[[5, 9, 500]]"
4,53,53,rnet_source,16,5,0,move_delete_add_only_when_total_le_8,live_primary,RNET UP,"[[16, 5, 500]]"
4,53,53,rnet_source,3,6,0,move_delete_add_only_when_total_le_8,live_primary,RNET UP,"[[3, 6, 500]]"
4,53,53,rnet_source,15,6,0,move_delete_add_only_when_total_le_8,live_primary,RNET UP,"[[15, 6, 500]]"
4,53,53,rnet_source,4,7,0,move_delete_add_only_when_total_le_8,live_primary,RNET UP,"[[4, 7, 500]]"
4,53,53,rnet_source,5,7,0,move_delete_add_only_when_total_le_8,live_primary,RNET UP,"[[5, 7, 500]]"
4,53,53,rnet_source,14,7,0,move_delete_add_only_when_total_le_8,live_primary,RNET UP,"[[14, 7, 500]]"
4,53,53,rnet_source,13,8,0,move_delete_add_only_when_total_le_8,live_primary,RNET UP,"[[13, 8, 500]]"
4,53,53,rnet_source,7,9,0,move_delete_add_only_when_total_le_8,live_primary,RNET UP,"[[7, 9, 500]]"
4,53,53,edge_spawn_band,0,1,0,advanced_move_only_preserve_raw_cardinality,,left side; persistent ST/ED endpoint semantics,"[[0, 1, 484], [0, 5, 485]]"
4,54,54,large_cannon_30C,7,3,1,atomic_place_move_delete_preserve_collateral,,,"[[6, 2, 278], [7, 2, 279], [8, 2, 280], [9, 2, 281], [6, 3, 282], [7, 3, 780], [8, 3, 781], [9, 3, 285], [6, 4, 286], [7, 4, 782], [8, 4, 783]]"
4,54,54,mixed_spawn_pit,11,5,1,single_cell_place_move_delete_level4,,cargo or homing-hostile output; child allocations check failure,"[[11, 5, 512]]"
4,54,54,organic_cannon_300,16,5,1,atomic_place_move_delete,,,"[[16, 5, 768], [16, 6, 102], [15, 7, 98], [16, 7, 100], [17, 7, 99], [18, 7, 101], [15, 8, 92], [16, 8, 93], [17, 8, 94], [18, 8, 95]]"
4,54,54,rnet_source,1,4,0,move_delete_add_only_when_total_le_8,live_primary,RNET UP,"[[1, 4, 500]]"
4,55,55,organic_cannon_300,7,4,1,atomic_place_move_delete,,,"[[7, 4, 768], [7, 5, 102], [6, 6, 98], [7, 6, 100], [8, 6, 99], [9, 6, 101], [6, 7, 92], [7, 7, 93], [8, 7, 94], [9, 7, 95]]"
4,55,55,solid_animation_25F_262,12,10,1,single_cell_place_move_delete,,4-frame ascending cycle $25F-$262; collision=solid; source phase=$25F,"[[12, 10, 607]]"
4,55,55,energy_field_257_25A,13,10,1,single_cell_place_move_delete,,4-frame ascending cycle $257-$25A; collision=passable_l1_l3_lethal_l4; source phase=$257,"[[13, 10, 599]]"
4,55,55,energy_field_257_25A,14,10,1,single_cell_place_move_delete,,4-frame ascending cycle $257-$25A; collision=passable_l1_l3_lethal_l4; source phase=$258,"[[14, 10, 600]]"
4,55,55,energy_field_257_25A,15,10,1,single_cell_place_move_delete,,4-frame ascending cycle $257-$25A; collision=passable_l1_l3_lethal_l4; source phase=$259,"[[15, 10, 601]]"
4,55,55,energy_field_257_25A,16,10,1,single_cell_place_move_delete,,4-frame ascending cycle $257-$25A; collision=passable_l1_l3_lethal_l4; source phase=$25A,"[[16, 10, 602]]"
4,55,55,energy_field_257_25A,17,10,1,single_cell_place_move_delete,,4-frame ascending cycle $257-$25A; collision=passable_l1_l3_lethal_l4; source phase=$257,"[[17, 10, 599]]"
4,55,55,energy_field_257_25A,18,10,1,single_cell_place_move_delete,,4-frame ascending cycle $257-$25A; collision=passable_l1_l3_lethal_l4; source phase=$258,"[[18, 10, 600]]"
4,55,55,solid_animation_263_266,19,10,1,single_cell_place_move_delete,,4-frame ascending cycle $263-$266; collision=solid; source phase=$263,"[[19, 10, 611]]"
4,55,55,edge_spawn_band,12,9,0,advanced_move_only_preserve_raw_cardinality,,bottom side; persistent ST/ED endpoint semantics,"[[12, 9, 482], [18, 9, 483]]"
4,56,56,ele_horizontal,7,6,0,atomic_place_move_delete_max_5_pairs,,two adjacent runtime object records from slots 43..52,"[[7, 6, 502], [13, 6, 503]]"
4,56,56,ele_horizontal,6,8,0,atomic_place_move_delete_max_5_pairs,,two adjacent runtime object records from slots 43..52,"[[6, 8, 502], [11, 8, 503]]"
4,56,56,ele_horizontal,6,9,0,atomic_place_move_delete_max_5_pairs,,two adjacent runtime object records from slots 43..52,"[[6, 9, 502], [10, 9, 503]]"
4,56,56,rnet_source,18,3,0,move_delete_add_only_when_total_le_8,live_primary,RNET LEFT,"[[18, 3, 496]]"
4,56,56,rnet_source,2,4,0,move_delete_add_only_when_total_le_8,live_primary,RNET RIGHT,"[[2, 4, 497]]"
4,57,57,large_cannon_30C,14,2,1,atomic_place_move_delete_preserve_collateral,,,"[[13, 1, 278], [14, 1, 279], [15, 1, 280], [16, 1, 281], [13, 2, 282], [14, 2, 780], [15, 2, 781], [16, 2, 285], [13, 3, 286], [14, 3, 782], [15, 3, 783]]"
4,57,57,organic_cannon_300,9,6,1,atomic_place_move_delete,,,"[[9, 6, 768], [9, 7, 102], [8, 8, 98], [9, 8, 100], [10, 8, 99], [11, 8, 101], [8, 9, 92], [9, 9, 93], [10, 9, 94], [11, 9, 95]]"
4,57,57,right_gun_329,6,7,1,single_cell_place_move_delete,,,"[[6, 7, 809]]"
4,57,57,reactor_animation,6,9,1,single_cell_place_move_delete,,RACT UP; runtime frames $304-$307,"[[6, 9, 481]]"
4,58,58,mixed_spawn_pit,5,5,1,single_cell_place_move_delete_level4,,cargo or homing-hostile output; child allocations check failure,"[[5, 5, 512]]"
4,58,58,rnet_source,16,5,0,move_delete_add_only_when_total_le_8,live_primary,RNET UP,"[[16, 5, 500]]"
4,58,58,edge_spawn_band,1,10,0,advanced_move_only_preserve_raw_cardinality,,bottom side; persistent ST/ED endpoint semantics,"[[1, 10, 482], [10, 10, 483]]"
4,59,59,edge_spawn_band,0,1,0,advanced_move_only_preserve_raw_cardinality,,left side; persistent ST/ED endpoint semantics,"[[0, 1, 484], [0, 9, 485]]"
4,60,60,large_cannon_30C,4,2,1,atomic_place_move_delete_preserve_collateral,,,"[[3, 1, 278], [4, 1, 279], [5, 1, 280], [6, 1, 281], [3, 2, 282], [4, 2, 780], [5, 2, 781], [6, 2, 285], [3, 3, 286], [4, 3, 782], [5, 3, 783]]"
4,60,60,large_cannon_30C,16,2,1,atomic_place_move_delete_preserve_collateral,,,"[[15, 1, 278], [16, 1, 279], [17, 1, 280], [18, 1, 281], [15, 2, 282], [16, 2, 780], [17, 2, 781], [18, 2, 285], [15, 3, 286], [16, 3, 782], [17, 3, 783]]"
4,60,60,organic_cannon_300,2,6,1,atomic_place_move_delete,,,"[[2, 6, 768], [2, 7, 102], [1, 8, 98], [2, 8, 100], [3, 8, 99], [4, 8, 101], [1, 9, 92], [2, 9, 93], [3, 9, 94], [4, 9, 95]]"
4,60,60,organic_cannon_300,13,6,1,atomic_place_move_delete,,,"[[13, 6, 768], [13, 7, 102], [12, 8, 98], [13, 8, 100], [14, 8, 99], [15, 8, 101], [12, 9, 92], [13, 9, 93], [14, 9, 94], [15, 9, 95]]"
4,60,60,rnet_source,6,4,0,move_delete_add_only_when_total_le_8,live_primary,RNET LEFT,"[[6, 4, 496]]"
4,60,60,rnet_source,10,4,0,move_delete_add_only_when_total_le_8,live_primary,RNET RIGHT,"[[10, 4, 497]]"
4,60,60,rnet_source,6,5,0,move_delete_add_only_when_total_le_8,live_primary,RNET LEFT,"[[6, 5, 496]]"
4,60,60,rnet_source,10,5,0,move_delete_add_only_when_total_le_8,live_primary,RNET RIGHT,"[[10, 5, 497]]"
4,60,60,rnet_source,6,6,0,move_delete_add_only_when_total_le_8,live_primary,RNET LEFT,"[[6, 6, 496]]"
4,60,60,rnet_source,10,6,0,move_delete_add_only_when_total_le_8,live_primary,RNET RIGHT,"[[10, 6, 497]]"
4,60,60,rnet_source,6,7,0,move_delete_add_only_when_total_le_8,live_primary,RNET LEFT,"[[6, 7, 496]]"
4,60,60,rnet_source,10,7,0,move_delete_add_only_when_total_le_8,live_primary,RNET RIGHT,"[[10, 7, 497]]"
4,61,61,rnet_source,6,1,0,move_delete_add_only_when_total_le_8,live_primary,RNET DOWN,"[[6, 1, 501]]"
4,61,61,rnet_source,13,1,0,move_delete_add_only_when_total_le_8,live_primary,RNET DOWN,"[[13, 1, 501]]"
4,61,61,rnet_source,4,9,0,move_delete_add_only_when_total_le_8,live_primary,RNET UP,"[[4, 9, 500]]"
4,61,61,rnet_source,8,9,0,move_delete_add_only_when_total_le_8,live_primary,RNET UP,"[[8, 9, 500]]"
4,61,61,rnet_source,11,9,0,move_delete_add_only_when_total_le_8,live_primary,RNET UP,"[[11, 9, 500]]"
4,61,61,rnet_source,15,9,0,move_delete_add_only_when_total_le_8,live_primary,RNET UP,"[[15, 9, 500]]"
4,62,62,crp_source,2,3,0,move_delete_add_only_when_total_le_6,dedicated_live,CRP LEFT FAST,"[[2, 3, 509]]"
4,62,62,crp_source,5,3,0,move_delete_add_only_when_total_le_6,dedicated_live,CRP LEFT FAST,"[[5, 3, 509]]"
4,62,62,crp_source,9,3,0,move_delete_add_only_when_total_le_6,dedicated_live,CRP LEFT FAST,"[[9, 3, 509]]"
4,62,62,crp_source,10,3,0,move_delete_add_only_when_total_le_6,dedicated_live,CRP LEFT FAST,"[[10, 3, 509]]"
4,62,62,crp_source,11,3,0,move_delete_add_only_when_total_le_6,dedicated_live,CRP LEFT FAST,"[[11, 3, 509]]"
4,62,62,crp_source,15,3,0,move_delete_add_only_when_total_le_6,dedicated_live,CRP LEFT FAST,"[[15, 3, 509]]"
4,62,62,crp_source,16,3,0,move_delete_add_only_when_total_le_6,overflow_overwritten,CRP LEFT FAST,"[[16, 3, 509]]"
4,62,62,crp_source,17,3,0,move_delete_add_only_when_total_le_6,overflow_overwritten,CRP LEFT FAST,"[[17, 3, 509]]"
4,62,62,crp_source,16,5,0,move_delete_add_only_when_total_le_6,overflow_overwritten,CRP LEFT FAST,"[[16, 5, 509]]"
4,62,62,crp_source,17,5,0,move_delete_add_only_when_total_le_6,overflow_overwritten,CRP LEFT FAST,"[[17, 5, 509]]"
4,62,62,crp_source,18,5,0,move_delete_add_only_when_total_le_6,overflow_overwritten,CRP LEFT FAST,"[[18, 5, 509]]"
4,62,62,crp_source,15,7,0,move_delete_add_only_when_total_le_6,overflow_overwritten,CRP LEFT FAST,"[[15, 7, 509]]"
4,62,62,crp_source,16,7,0,move_delete_add_only_when_total_le_6,overflow_overwritten,CRP LEFT FAST,"[[16, 7, 509]]"
4,62,62,crp_source,17,7,0,move_delete_add_only_when_total_le_6,overflow_overwritten,CRP LEFT FAST,"[[17, 7, 509]]"
4,62,62,crp_source,18,7,0,move_delete_add_only_when_total_le_6,overflow_overwritten,CRP LEFT FAST,"[[18, 7, 509]]"
4,62,62,crp_source,12,8,0,move_delete_add_only_when_total_le_6,overflow_overwritten,CRP LEFT FAST,"[[12, 8, 509]]"
4,62,62,crp_source,13,8,0,move_delete_add_only_when_total_le_6,overflow_overwritten,CRP LEFT FAST,"[[13, 8, 509]]"
4,62,62,crp_source,2,9,0,move_delete_add_only_when_total_le_6,overflow_overwritten,CRP LEFT FAST,"[[2, 9, 509]]"
4,62,62,crp_source,3,9,0,move_delete_add_only_when_total_le_6,overflow_overwritten,CRP LEFT FAST,"[[3, 9, 509]]"
4,62,62,crp_source,4,9,0,move_delete_add_only_when_total_le_6,overflow_overwritten,CRP LEFT FAST,"[[4, 9, 509]]"
4,62,62,crp_source,5,9,0,move_delete_add_only_when_total_le_6,overflow_overwritten,CRP LEFT FAST,"[[5, 9, 509]]"
4,62,62,crp_source,7,9,0,move_delete_add_only_when_total_le_6,overflow_overwritten,CRP LEFT FAST,"[[7, 9, 509]]"
4,62,62,crp_source,8,9,0,move_delete_add_only_when_total_le_6,overflow_overwritten,CRP LEFT FAST,"[[8, 9, 509]]"
4,62,62,crp_source,9,9,0,move_delete_add_only_when_total_le_6,overflow_overwritten,CRP LEFT FAST,"[[9, 9, 509]]"
4,62,62,crp_source,10,9,0,move_delete_add_only_when_total_le_6,overflow_overwritten,CRP LEFT FAST,"[[10, 9, 509]]"
4,62,62,crp_source,11,9,0,move_delete_add_only_when_total_le_6,overflow_slot76_live,CRP LEFT FAST,"[[11, 9, 509]]"
4,63,63,solid_animation_25F_262,12,0,1,single_cell_place_move_delete,,4-frame ascending cycle $25F-$262; collision=solid; source phase=$25F,"[[12, 0, 607]]"
4,63,63,energy_field_257_25A,13,0,1,single_cell_place_move_delete,,4-frame ascending cycle $257-$25A; collision=passable_l1_l3_lethal_l4; source phase=$257,"[[13, 0, 599]]"
4,63,63,energy_field_257_25A,14,0,1,single_cell_place_move_delete,,4-frame ascending cycle $257-$25A; collision=passable_l1_l3_lethal_l4; source phase=$258,"[[14, 0, 600]]"
4,63,63,energy_field_257_25A,15,0,1,single_cell_place_move_delete,,4-frame ascending cycle $257-$25A; collision=passable_l1_l3_lethal_l4; source phase=$259,"[[15, 0, 601]]"
4,63,63,energy_field_257_25A,16,0,1,single_cell_place_move_delete,,4-frame ascending cycle $257-$25A; collision=passable_l1_l3_lethal_l4; source phase=$25A,"[[16, 0, 602]]"
4,63,63,energy_field_257_25A,17,0,1,single_cell_place_move_delete,,4-frame ascending cycle $257-$25A; collision=passable_l1_l3_lethal_l4; source phase=$257,"[[17, 0, 599]]"
4,63,63,energy_field_257_25A,18,0,1,single_cell_place_move_delete,,4-frame ascending cycle $257-$25A; collision=passable_l1_l3_lethal_l4; source phase=$258,"[[18, 0, 600]]"
4,63,63,solid_animation_263_266,19,0,1,single_cell_place_move_delete,,4-frame ascending cycle $263-$266; collision=solid; source phase=$263,"[[19, 0, 611]]"
4,63,63,large_cannon_30C,8,4,1,atomic_place_move_delete_preserve_collateral,,,"[[7, 3, 278], [8, 3, 279], [9, 3, 280], [10, 3, 281], [7, 4, 282], [8, 4, 780], [9, 4, 781], [10, 4, 285], [7, 5, 286], [8, 5, 782], [9, 5, 783]]"
4,63,63,solid_animation_26B_26E,5,5,1,single_cell_place_move_delete,,4-frame ascending cycle $26B-$26E; collision=solid; source phase=$26B,"[[5, 5, 619]]"
4,63,63,energy_field_25B_25E,5,6,1,single_cell_place_move_delete,,4-frame ascending cycle $25B-$25E; collision=passable_l1_l3_lethal_l4; source phase=$25B,"[[5, 6, 603]]"
4,63,63,energy_field_25B_25E,5,7,1,single_cell_place_move_delete,,4-frame ascending cycle $25B-$25E; collision=passable_l1_l3_lethal_l4; source phase=$25C,"[[5, 7, 604]]"
4,63,63,solid_animation_267_26A,5,8,1,single_cell_place_move_delete,,4-frame ascending cycle $267-$26A; collision=solid; source phase=$26A,"[[5, 8, 618]]"
4,63,63,rnet_source,18,3,0,move_delete_add_only_when_total_le_8,live_primary,RNET LEFT,"[[18, 3, 496]]"
4,63,63,rnet_source,18,8,0,move_delete_add_only_when_total_le_8,live_primary,RNET LEFT,"[[18, 8, 496]]"
4,63,63,rnet_source,8,9,0,move_delete_add_only_when_total_le_8,live_primary,RNET UP,"[[8, 9, 500]]"
4,63,63,rnet_source,14,9,0,move_delete_add_only_when_total_le_8,live_primary,RNET UP,"[[14, 9, 500]]"
4,64,64,rnet_source,5,1,0,move_delete_add_only_when_total_le_8,live_primary,RNET RIGHT,"[[5, 1, 497]]"
4,64,64,rnet_source,13,1,0,move_delete_add_only_when_total_le_8,live_primary,RNET LEFT,"[[13, 1, 496]]"
4,64,64,rnet_source,5,3,0,move_delete_add_only_when_total_le_8,live_primary,RNET RIGHT,"[[5, 3, 497]]"
4,64,64,rnet_source,13,3,0,move_delete_add_only_when_total_le_8,live_primary,RNET LEFT,"[[13, 3, 496]]"
4,64,64,rnet_source,5,5,0,move_delete_add_only_when_total_le_8,live_primary,RNET RIGHT,"[[5, 5, 497]]"
4,64,64,rnet_source,13,5,0,move_delete_add_only_when_total_le_8,live_primary,RNET LEFT,"[[13, 5, 496]]"
4,64,64,rnet_source,5,7,0,move_delete_add_only_when_total_le_8,live_primary,RNET RIGHT,"[[5, 7, 497]]"
4,64,64,rnet_source,13,7,0,move_delete_add_only_when_total_le_8,live_primary,RNET LEFT,"[[13, 7, 496]]"
4,64,64,rnet_source,5,9,0,move_delete_add_only_when_total_le_8,skipped_pool_full,RNET RIGHT,"[[5, 9, 497]]"
4,64,64,rnet_source,13,9,0,move_delete_add_only_when_total_le_8,skipped_pool_full,RNET LEFT,"[[13, 9, 496]]"
4,65,65,landing_pad,9,5,0,move_pair_only_one_per_level,,,"[[9, 5, 804], [10, 5, 805]]"
4,65,65,solid_animation_253_256,8,6,1,single_cell_place_move_delete,,4-frame descending cycle $253-$256; collision=solid; source phase=$253,"[[8, 6, 595]]"
4,65,65,solid_animation_253_256,11,6,1,single_cell_place_move_delete,,4-frame descending cycle $253-$256; collision=solid; source phase=$253,"[[11, 6, 595]]"
4,65,65,solid_animation_253_256,8,7,1,single_cell_place_move_delete,,4-frame descending cycle $253-$256; collision=solid; source phase=$254,"[[8, 7, 596]]"
4,65,65,solid_animation_253_256,11,7,1,single_cell_place_move_delete,,4-frame descending cycle $253-$256; collision=solid; source phase=$254,"[[11, 7, 596]]"
4,65,65,solid_animation_253_256,8,8,1,single_cell_place_move_delete,,4-frame descending cycle $253-$256; collision=solid; source phase=$255,"[[8, 8, 597]]"
4,65,65,solid_animation_253_256,11,8,1,single_cell_place_move_delete,,4-frame descending cycle $253-$256; collision=solid; source phase=$255,"[[11, 8, 597]]"
4,65,65,solid_animation_253_256,8,9,1,single_cell_place_move_delete,,4-frame descending cycle $253-$256; collision=solid; source phase=$256,"[[8, 9, 598]]"
4,65,65,animated_pair_24D_24E,9,9,1,atomic_place_move_delete,,"5-frame horizontal pair: 24D/24E, 24F/250, 251/252, 24F/250, 24D/24E","[[9, 9, 589], [10, 9, 590]]"
4,65,65,solid_animation_253_256,11,9,1,single_cell_place_move_delete,,4-frame descending cycle $253-$256; collision=solid; source phase=$256,"[[11, 9, 598]]"
4,65,65,rnet_source,1,2,0,move_delete_add_only_when_total_le_8,live_primary,RNET RIGHT,"[[1, 2, 497]]"
4,65,65,rnet_source,18,3,0,move_delete_add_only_when_total_le_8,live_primary,RNET LEFT,"[[18, 3, 496]]"
4,65,65,rnet_source,1,4,0,move_delete_add_only_when_total_le_8,live_primary,RNET RIGHT,"[[1, 4, 497]]"
4,65,65,rnet_source,18,5,0,move_delete_add_only_when_total_le_8,live_primary,RNET LEFT,"[[18, 5, 496]]"
4,65,65,rnet_source,1,6,0,move_delete_add_only_when_total_le_8,live_primary,RNET RIGHT,"[[1, 6, 497]]"
4,65,65,rnet_source,18,7,0,move_delete_add_only_when_total_le_8,live_primary,RNET LEFT,"[[18, 7, 496]]"
4,65,65,rnet_source,1,8,0,move_delete_add_only_when_total_le_8,live_primary,RNET RIGHT,"[[1, 8, 497]]"
4,65,65,rnet_source,18,9,0,move_delete_add_only_when_total_le_8,live_primary,RNET LEFT,"[[18, 9, 496]]"
4,66,66,organic_cannon_300,5,6,1,atomic_place_move_delete,,,"[[5, 6, 768], [5, 7, 102], [4, 8, 98], [5, 8, 100], [6, 8, 99], [7, 8, 101], [4, 9, 92], [5, 9, 93], [6, 9, 94], [7, 9, 95]]"
4,66,66,organic_cannon_300,9,6,1,atomic_place_move_delete,,,"[[9, 6, 768], [9, 7, 102], [8, 8, 98], [9, 8, 100], [10, 8, 99], [11, 8, 101], [8, 9, 92], [9, 9, 93], [10, 9, 94], [11, 9, 95]]"
4,66,66,rnet_source,3,6,0,move_delete_add_only_when_total_le_8,live_primary,RNET RIGHT,"[[3, 6, 497]]"
4,66,66,rnet_source,3,8,0,move_delete_add_only_when_total_le_8,live_primary,RNET RIGHT,"[[3, 8, 497]]"
4,66,66,rnet_source,3,9,0,move_delete_add_only_when_total_le_8,live_primary,RNET RIGHT,"[[3, 9, 497]]"
4,66,66,edge_spawn_band,1,0,0,advanced_move_only_preserve_raw_cardinality,,top side; persistent ST/ED endpoint semantics,"[[1, 0, 486], [4, 0, 487]]"
4,67,67,crp_source,12,5,0,move_delete_add_only_when_total_le_6,dedicated_live,CRP RIGHT SLOW,"[[12, 5, 510]]"
4,67,67,crp_source,12,7,0,move_delete_add_only_when_total_le_6,dedicated_live,CRP RIGHT SLOW,"[[12, 7, 510]]"
4,67,67,crp_source,2,9,0,move_delete_add_only_when_total_le_6,dedicated_live,CRP LEFT SLOW,"[[2, 9, 508]]"
4,67,67,crp_source,6,9,0,move_delete_add_only_when_total_le_6,dedicated_live,CRP LEFT SLOW,"[[6, 9, 508]]"
4,67,67,crp_source,17,9,0,move_delete_add_only_when_total_le_6,dedicated_live,CRP LEFT SLOW,"[[17, 9, 508]]"
4,68,68,rnet_source,18,1,0,move_delete_add_only_when_total_le_8,live_primary,RNET LEFT,"[[18, 1, 496]]"
4,68,68,rnet_source,1,2,0,move_delete_add_only_when_total_le_8,live_primary,RNET RIGHT,"[[1, 2, 497]]"
4,68,68,rnet_source,10,5,0,move_delete_add_only_when_total_le_8,live_primary,RNET DOWN,"[[10, 5, 501]]"
4,68,68,rnet_source,13,5,0,move_delete_add_only_when_total_le_8,live_primary,RNET DOWN,"[[13, 5, 501]]"
4,68,68,rnet_source,16,5,0,move_delete_add_only_when_total_le_8,live_primary,RNET DOWN,"[[16, 5, 501]]"
4,69,69,mixed_spawn_pit,6,5,1,single_cell_place_move_delete_level4,,cargo or homing-hostile output; child allocations check failure,"[[6, 5, 512]]"
4,69,69,mixed_spawn_pit,15,5,1,single_cell_place_move_delete_level4,,cargo or homing-hostile output; child allocations check failure,"[[15, 5, 738]]"
4,69,69,solid_animation_25F_262,13,10,1,single_cell_place_move_delete,,4-frame ascending cycle $25F-$262; collision=solid; source phase=$25F,"[[13, 10, 607]]"
4,69,69,energy_field_257_25A,14,10,1,single_cell_place_move_delete,,4-frame ascending cycle $257-$25A; collision=passable_l1_l3_lethal_l4; source phase=$257,"[[14, 10, 599]]"
4,69,69,energy_field_257_25A,15,10,1,single_cell_place_move_delete,,4-frame ascending cycle $257-$25A; collision=passable_l1_l3_lethal_l4; source phase=$258,"[[15, 10, 600]]"
4,69,69,energy_field_257_25A,16,10,1,single_cell_place_move_delete,,4-frame ascending cycle $257-$25A; collision=passable_l1_l3_lethal_l4; source phase=$259,"[[16, 10, 601]]"
4,69,69,solid_animation_263_266,17,10,1,single_cell_place_move_delete,,4-frame ascending cycle $263-$266; collision=solid; source phase=$263,"[[17, 10, 611]]"
4,69,69,rnet_source,18,3,0,move_delete_add_only_when_total_le_8,live_primary,RNET LEFT,"[[18, 3, 496]]"
4,69,69,rnet_source,18,9,0,move_delete_add_only_when_total_le_8,live_primary,RNET LEFT,"[[18, 9, 496]]"
4,70,70,rnet_source,7,3,0,move_delete_add_only_when_total_le_8,live_primary,RNET UP,"[[7, 3, 500]]"
4,70,70,rnet_source,13,3,0,move_delete_add_only_when_total_le_8,live_primary,RNET UP,"[[13, 3, 500]]"
4,70,70,rnet_source,12,4,0,move_delete_add_only_when_total_le_8,live_primary,RNET LEFT,"[[12, 4, 496]]"
4,70,70,rnet_source,14,4,0,move_delete_add_only_when_total_le_8,live_primary,RNET RIGHT,"[[14, 4, 497]]"
4,70,70,rnet_source,18,4,0,move_delete_add_only_when_total_le_8,live_primary,RNET RIGHT,"[[18, 4, 497]]"
4,70,70,rnet_source,10,5,0,move_delete_add_only_when_total_le_8,live_primary,RNET UP,"[[10, 5, 500]]"
4,70,70,rnet_source,9,6,0,move_delete_add_only_when_total_le_8,live_primary,RNET LEFT,"[[9, 6, 496]]"
4,70,70,rnet_source,11,6,0,move_delete_add_only_when_total_le_8,live_primary,RNET RIGHT,"[[11, 6, 497]]"
4,70,70,rnet_source,16,6,0,move_delete_add_only_when_total_le_8,skipped_pool_full,RNET RIGHT,"[[16, 6, 497]]"
4,70,70,edge_spawn_band,1,10,0,advanced_move_only_preserve_raw_cardinality,,bottom side; persistent ST/ED endpoint semantics,"[[1, 10, 482], [14, 10, 483]]"
4,71,71,large_cannon_30C,15,2,1,atomic_place_move_delete_preserve_collateral,,,"[[14, 1, 278], [15, 1, 279], [16, 1, 280], [17, 1, 281], [14, 2, 282], [15, 2, 780], [16, 2, 781], [17, 2, 285], [14, 3, 286], [15, 3, 782], [16, 3, 783]]"
4,71,71,solid_animation_26B_26E,0,6,1,single_cell_place_move_delete,,4-frame ascending cycle $26B-$26E; collision=solid; source phase=$26B,"[[0, 6, 619]]"
4,71,71,organic_cannon_300,14,6,1,atomic_place_move_delete,,,"[[14, 6, 768], [14, 7, 102], [13, 8, 98], [14, 8, 100], [15, 8, 99], [16, 8, 101], [13, 9, 92], [14, 9, 93], [15, 9, 94], [16, 9, 95]]"
4,71,71,energy_field_25B_25E,0,7,1,single_cell_place_move_delete,,4-frame ascending cycle $25B-$25E; collision=passable_l1_l3_lethal_l4; source phase=$25B,"[[0, 7, 603]]"
4,71,71,energy_field_25B_25E,0,8,1,single_cell_place_move_delete,,4-frame ascending cycle $25B-$25E; collision=passable_l1_l3_lethal_l4; source phase=$25C,"[[0, 8, 604]]"
4,71,71,solid_animation_267_26A,0,9,1,single_cell_place_move_delete,,4-frame ascending cycle $267-$26A; collision=solid; source phase=$267,"[[0, 9, 615]]"
4,71,71,ele_vertical,9,2,0,atomic_place_move_delete_max_5_pairs,,two adjacent runtime object records from slots 43..52,"[[9, 2, 504], [9, 6, 505]]"
4,72,72,crp_source,11,5,0,move_delete_add_only_when_total_le_6,dedicated_live,CRP RIGHT SLOW,"[[11, 5, 510]]"
4,72,72,crp_source,12,5,0,move_delete_add_only_when_total_le_6,dedicated_live,CRP RIGHT SLOW,"[[12, 5, 510]]"
4,72,72,crp_source,13,5,0,move_delete_add_only_when_total_le_6,dedicated_live,CRP RIGHT SLOW,"[[13, 5, 510]]"
4,72,72,crp_source,14,5,0,move_delete_add_only_when_total_le_6,dedicated_live,CRP RIGHT SLOW,"[[14, 5, 510]]"
4,72,72,crp_source,4,8,0,move_delete_add_only_when_total_le_6,dedicated_live,CRP LEFT FAST,"[[4, 8, 509]]"
4,72,72,crp_source,5,8,0,move_delete_add_only_when_total_le_6,dedicated_live,CRP LEFT FAST,"[[5, 8, 509]]"
4,72,72,crp_source,6,8,0,move_delete_add_only_when_total_le_6,overflow_overwritten,CRP LEFT FAST,"[[6, 8, 509]]"
4,72,72,crp_source,7,8,0,move_delete_add_only_when_total_le_6,overflow_slot76_live,CRP LEFT FAST,"[[7, 8, 509]]"
4,73,73,solid_animation_25F_262,5,0,1,single_cell_place_move_delete,,4-frame ascending cycle $25F-$262; collision=solid; source phase=$25F,"[[5, 0, 607]]"
4,73,73,energy_field_257_25A,6,0,1,single_cell_place_move_delete,,4-frame ascending cycle $257-$25A; collision=passable_l1_l3_lethal_l4; source phase=$258,"[[6, 0, 600]]"
4,73,73,energy_field_257_25A,7,0,1,single_cell_place_move_delete,,4-frame ascending cycle $257-$25A; collision=passable_l1_l3_lethal_l4; source phase=$259,"[[7, 0, 601]]"
4,73,73,solid_animation_263_266,8,0,1,single_cell_place_move_delete,,4-frame ascending cycle $263-$266; collision=solid; source phase=$263,"[[8, 0, 611]]"
4,73,73,solid_animation_25F_262,5,1,1,single_cell_place_move_delete,,4-frame ascending cycle $25F-$262; collision=solid; source phase=$25F,"[[5, 1, 607]]"
4,73,73,energy_field_257_25A,6,1,1,single_cell_place_move_delete,,4-frame ascending cycle $257-$25A; collision=passable_l1_l3_lethal_l4; source phase=$259,"[[6, 1, 601]]"
4,73,73,energy_field_257_25A,7,1,1,single_cell_place_move_delete,,4-frame ascending cycle $257-$25A; collision=passable_l1_l3_lethal_l4; source phase=$25A,"[[7, 1, 602]]"
4,73,73,solid_animation_263_266,8,1,1,single_cell_place_move_delete,,4-frame ascending cycle $263-$266; collision=solid; source phase=$263,"[[8, 1, 611]]"
4,73,73,ele_vertical,1,1,0,atomic_place_move_delete_max_5_pairs,,two adjacent runtime object records from slots 43..52,"[[1, 1, 504], [1, 7, 505]]"
4,73,73,ele_vertical,12,2,0,atomic_place_move_delete_max_5_pairs,,two adjacent runtime object records from slots 43..52,"[[12, 2, 504], [12, 7, 505]]"
4,73,73,ele_vertical,3,3,0,atomic_place_move_delete_max_5_pairs,,two adjacent runtime object records from slots 43..52,"[[3, 3, 504], [3, 8, 505]]"
4,73,73,ele_vertical,10,4,0,atomic_place_move_delete_max_5_pairs,,two adjacent runtime object records from slots 43..52,"[[10, 4, 504], [10, 9, 505]]"
4,73,73,rnet_source,14,1,0,move_delete_add_only_when_total_le_8,live_primary,RNET DOWN,"[[14, 1, 501]]"
4,73,73,rnet_source,16,1,0,move_delete_add_only_when_total_le_8,live_primary,RNET DOWN,"[[16, 1, 501]]"
4,73,73,rnet_source,18,1,0,move_delete_add_only_when_total_le_8,live_primary,RNET DOWN,"[[18, 1, 501]]"
4,73,73,rnet_source,15,9,0,move_delete_add_only_when_total_le_8,live_primary,RNET UP,"[[15, 9, 500]]"
4,73,73,rnet_source,17,9,0,move_delete_add_only_when_total_le_8,live_primary,RNET UP,"[[17, 9, 500]]"
4,74,74,ele_horizontal,1,3,0,atomic_place_move_delete_max_5_pairs,,two adjacent runtime object records from slots 43..52,"[[1, 3, 502], [12, 3, 503]]"
4,74,74,ele_horizontal,1,7,0,atomic_place_move_delete_max_5_pairs,,two adjacent runtime object records from slots 43..52,"[[1, 7, 502], [12, 7, 503]]"
4,75,75,ele_horizontal,2,3,0,atomic_place_move_delete_max_5_pairs,,two adjacent runtime object records from slots 43..52,"[[2, 3, 502], [14, 3, 503]]"
4,75,75,ele_horizontal,2,7,0,atomic_place_move_delete_max_5_pairs,,two adjacent runtime object records from slots 43..52,"[[2, 7, 502], [14, 7, 503]]"
4,76,76,rnet_source,6,3,0,move_delete_add_only_when_total_le_8,live_primary,RNET DOWN,"[[6, 3, 501]]"
4,76,76,rnet_source,19,5,0,move_delete_add_only_when_total_le_8,live_primary,RNET LEFT,"[[19, 5, 496]]"
4,76,76,rnet_source,6,7,0,move_delete_add_only_when_total_le_8,live_primary,RNET UP,"[[6, 7, 500]]"
4,76,76,rnet_source,8,7,0,move_delete_add_only_when_total_le_8,live_primary,RNET UP,"[[8, 7, 500]]"
4,76,76,rnet_source,10,7,0,move_delete_add_only_when_total_le_8,live_primary,RNET UP,"[[10, 7, 500]]"
4,76,76,rnet_source,11,7,0,move_delete_add_only_when_total_le_8,live_primary,RNET UP,"[[11, 7, 500]]"
4,76,76,rnet_source,13,7,0,move_delete_add_only_when_total_le_8,live_primary,RNET UP,"[[13, 7, 500]]"
4,76,76,rnet_source,17,7,0,move_delete_add_only_when_total_le_8,live_primary,RNET UP,"[[17, 7, 500]]"
4,77,77,solid_animation_25F_262,13,0,1,single_cell_place_move_delete,,4-frame ascending cycle $25F-$262; collision=solid; source phase=$25F,"[[13, 0, 607]]"
4,77,77,energy_field_257_25A,14,0,1,single_cell_place_move_delete,,4-frame ascending cycle $257-$25A; collision=passable_l1_l3_lethal_l4; source phase=$25A,"[[14, 0, 602]]"
4,77,77,energy_field_257_25A,15,0,1,single_cell_place_move_delete,,4-frame ascending cycle $257-$25A; collision=passable_l1_l3_lethal_l4; source phase=$257,"[[15, 0, 599]]"
4,77,77,energy_field_257_25A,16,0,1,single_cell_place_move_delete,,4-frame ascending cycle $257-$25A; collision=passable_l1_l3_lethal_l4; source phase=$258,"[[16, 0, 600]]"
4,77,77,solid_animation_263_266,17,0,1,single_cell_place_move_delete,,4-frame ascending cycle $263-$266; collision=solid; source phase=$263,"[[17, 0, 611]]"
4,77,77,large_cannon_30C,7,2,1,atomic_place_move_delete_preserve_collateral,,,"[[6, 1, 278], [7, 1, 279], [8, 1, 280], [9, 1, 281], [6, 2, 282], [7, 2, 780], [8, 2, 781], [9, 2, 285], [6, 3, 286], [7, 3, 782], [8, 3, 783]]"
4,77,77,organic_cannon_300,15,2,1,atomic_place_move_delete,,,"[[15, 2, 768], [15, 3, 102], [14, 4, 98], [15, 4, 100], [16, 4, 99], [17, 4, 101], [14, 5, 92], [15, 5, 93], [16, 5, 94], [17, 5, 95]]"
4,77,77,solid_animation_25F_262,5,6,1,single_cell_place_move_delete,,4-frame ascending cycle $25F-$262; collision=solid; source phase=$25F,"[[5, 6, 607]]"
4,77,77,energy_field_257_25A,6,6,1,single_cell_place_move_delete,,4-frame ascending cycle $257-$25A; collision=passable_l1_l3_lethal_l4; source phase=$259,"[[6, 6, 601]]"
4,77,77,energy_field_257_25A,7,6,1,single_cell_place_move_delete,,4-frame ascending cycle $257-$25A; collision=passable_l1_l3_lethal_l4; source phase=$25A,"[[7, 6, 602]]"
4,77,77,energy_field_257_25A,8,6,1,single_cell_place_move_delete,,4-frame ascending cycle $257-$25A; collision=passable_l1_l3_lethal_l4; source phase=$257,"[[8, 6, 599]]"
4,77,77,energy_field_257_25A,9,6,1,single_cell_place_move_delete,,4-frame ascending cycle $257-$25A; collision=passable_l1_l3_lethal_l4; source phase=$258,"[[9, 6, 600]]"
4,77,77,energy_field_257_25A,10,6,1,single_cell_place_move_delete,,4-frame ascending cycle $257-$25A; collision=passable_l1_l3_lethal_l4; source phase=$259,"[[10, 6, 601]]"
4,77,77,energy_field_257_25A,11,6,1,single_cell_place_move_delete,,4-frame ascending cycle $257-$25A; collision=passable_l1_l3_lethal_l4; source phase=$25A,"[[11, 6, 602]]"
4,77,77,energy_field_257_25A,12,6,1,single_cell_place_move_delete,,4-frame ascending cycle $257-$25A; collision=passable_l1_l3_lethal_l4; source phase=$257,"[[12, 6, 599]]"
4,77,77,solid_animation_263_266,13,6,1,single_cell_place_move_delete,,4-frame ascending cycle $263-$266; collision=solid; source phase=$263,"[[13, 6, 611]]"
4,77,77,solid_animation_25F_262,5,7,1,single_cell_place_move_delete,,4-frame ascending cycle $25F-$262; collision=solid; source phase=$25F,"[[5, 7, 607]]"
4,77,77,energy_field_257_25A,6,7,1,single_cell_place_move_delete,,4-frame ascending cycle $257-$25A; collision=passable_l1_l3_lethal_l4; source phase=$259,"[[6, 7, 601]]"
4,77,77,energy_field_257_25A,7,7,1,single_cell_place_move_delete,,4-frame ascending cycle $257-$25A; collision=passable_l1_l3_lethal_l4; source phase=$25A,"[[7, 7, 602]]"
4,77,77,energy_field_257_25A,8,7,1,single_cell_place_move_delete,,4-frame ascending cycle $257-$25A; collision=passable_l1_l3_lethal_l4; source phase=$257,"[[8, 7, 599]]"
4,77,77,energy_field_257_25A,9,7,1,single_cell_place_move_delete,,4-frame ascending cycle $257-$25A; collision=passable_l1_l3_lethal_l4; source phase=$258,"[[9, 7, 600]]"
4,77,77,energy_field_257_25A,10,7,1,single_cell_place_move_delete,,4-frame ascending cycle $257-$25A; collision=passable_l1_l3_lethal_l4; source phase=$258,"[[10, 7, 600]]"
4,77,77,energy_field_257_25A,11,7,1,single_cell_place_move_delete,,4-frame ascending cycle $257-$25A; collision=passable_l1_l3_lethal_l4; source phase=$259,"[[11, 7, 601]]"
4,77,77,energy_field_257_25A,12,7,1,single_cell_place_move_delete,,4-frame ascending cycle $257-$25A; collision=passable_l1_l3_lethal_l4; source phase=$25A,"[[12, 7, 602]]"
4,77,77,solid_animation_263_266,13,7,1,single_cell_place_move_delete,,4-frame ascending cycle $263-$266; collision=solid; source phase=$263,"[[13, 7, 611]]"
4,77,77,solid_animation_25F_262,5,8,1,single_cell_place_move_delete,,4-frame ascending cycle $25F-$262; collision=solid; source phase=$25F,"[[5, 8, 607]]"
4,77,77,energy_field_257_25A,6,8,1,single_cell_place_move_delete,,4-frame ascending cycle $257-$25A; collision=passable_l1_l3_lethal_l4; source phase=$25A,"[[6, 8, 602]]"
4,77,77,energy_field_257_25A,7,8,1,single_cell_place_move_delete,,4-frame ascending cycle $257-$25A; collision=passable_l1_l3_lethal_l4; source phase=$257,"[[7, 8, 599]]"
4,77,77,energy_field_257_25A,8,8,1,single_cell_place_move_delete,,4-frame ascending cycle $257-$25A; collision=passable_l1_l3_lethal_l4; source phase=$258,"[[8, 8, 600]]"
4,77,77,energy_field_257_25A,9,8,1,single_cell_place_move_delete,,4-frame ascending cycle $257-$25A; collision=passable_l1_l3_lethal_l4; source phase=$257,"[[9, 8, 599]]"
4,77,77,energy_field_257_25A,10,8,1,single_cell_place_move_delete,,4-frame ascending cycle $257-$25A; collision=passable_l1_l3_lethal_l4; source phase=$258,"[[10, 8, 600]]"
4,77,77,energy_field_257_25A,11,8,1,single_cell_place_move_delete,,4-frame ascending cycle $257-$25A; collision=passable_l1_l3_lethal_l4; source phase=$259,"[[11, 8, 601]]"
4,77,77,energy_field_257_25A,12,8,1,single_cell_place_move_delete,,4-frame ascending cycle $257-$25A; collision=passable_l1_l3_lethal_l4; source phase=$25A,"[[12, 8, 602]]"
4,77,77,solid_animation_263_266,13,8,1,single_cell_place_move_delete,,4-frame ascending cycle $263-$266; collision=solid; source phase=$263,"[[13, 8, 611]]"
4,77,77,solid_animation_25F_262,5,9,1,single_cell_place_move_delete,,4-frame ascending cycle $25F-$262; collision=solid; source phase=$25F,"[[5, 9, 607]]"
4,77,77,energy_field_257_25A,6,9,1,single_cell_place_move_delete,,4-frame ascending cycle $257-$25A; collision=passable_l1_l3_lethal_l4; source phase=$259,"[[6, 9, 601]]"
4,77,77,energy_field_257_25A,7,9,1,single_cell_place_move_delete,,4-frame ascending cycle $257-$25A; collision=passable_l1_l3_lethal_l4; source phase=$25A,"[[7, 9, 602]]"
4,77,77,energy_field_257_25A,8,9,1,single_cell_place_move_delete,,4-frame ascending cycle $257-$25A; collision=passable_l1_l3_lethal_l4; source phase=$257,"[[8, 9, 599]]"
4,77,77,energy_field_257_25A,9,9,1,single_cell_place_move_delete,,4-frame ascending cycle $257-$25A; collision=passable_l1_l3_lethal_l4; source phase=$258,"[[9, 9, 600]]"
4,77,77,energy_field_257_25A,10,9,1,single_cell_place_move_delete,,4-frame ascending cycle $257-$25A; collision=passable_l1_l3_lethal_l4; source phase=$259,"[[10, 9, 601]]"
4,77,77,energy_field_257_25A,11,9,1,single_cell_place_move_delete,,4-frame ascending cycle $257-$25A; collision=passable_l1_l3_lethal_l4; source phase=$25A,"[[11, 9, 602]]"
4,77,77,energy_field_257_25A,12,9,1,single_cell_place_move_delete,,4-frame ascending cycle $257-$25A; collision=passable_l1_l3_lethal_l4; source phase=$257,"[[12, 9, 599]]"
4,77,77,solid_animation_263_266,13,9,1,single_cell_place_move_delete,,4-frame ascending cycle $263-$266; collision=solid; source phase=$263,"[[13, 9, 611]]"
4,77,77,solid_animation_25F_262,5,10,1,single_cell_place_move_delete,,4-frame ascending cycle $25F-$262; collision=solid; source phase=$25F,"[[5, 10, 607]]"
4,77,77,energy_field_257_25A,6,10,1,single_cell_place_move_delete,,4-frame ascending cycle $257-$25A; collision=passable_l1_l3_lethal_l4; source phase=$258,"[[6, 10, 600]]"
4,77,77,energy_field_257_25A,7,10,1,single_cell_place_move_delete,,4-frame ascending cycle $257-$25A; collision=passable_l1_l3_lethal_l4; source phase=$259,"[[7, 10, 601]]"
4,77,77,energy_field_257_25A,8,10,1,single_cell_place_move_delete,,4-frame ascending cycle $257-$25A; collision=passable_l1_l3_lethal_l4; source phase=$25A,"[[8, 10, 602]]"
4,77,77,energy_field_257_25A,9,10,1,single_cell_place_move_delete,,4-frame ascending cycle $257-$25A; collision=passable_l1_l3_lethal_l4; source phase=$257,"[[9, 10, 599]]"
4,77,77,energy_field_257_25A,10,10,1,single_cell_place_move_delete,,4-frame ascending cycle $257-$25A; collision=passable_l1_l3_lethal_l4; source phase=$25A,"[[10, 10, 602]]"
4,77,77,energy_field_257_25A,11,10,1,single_cell_place_move_delete,,4-frame ascending cycle $257-$25A; collision=passable_l1_l3_lethal_l4; source phase=$259,"[[11, 10, 601]]"
4,77,77,energy_field_257_25A,12,10,1,single_cell_place_move_delete,,4-frame ascending cycle $257-$25A; collision=passable_l1_l3_lethal_l4; source phase=$257,"[[12, 10, 599]]"
4,77,77,solid_animation_263_266,13,10,1,single_cell_place_move_delete,,4-frame ascending cycle $263-$266; collision=solid; source phase=$263,"[[13, 10, 611]]"
4,78,78,large_cannon_30C,2,3,1,atomic_place_move_delete_preserve_collateral,,,"[[1, 2, 278], [2, 2, 279], [3, 2, 280], [4, 2, 281], [1, 3, 282], [2, 3, 780], [3, 3, 781], [4, 3, 285], [1, 4, 286], [2, 4, 782], [3, 4, 783]]"
4,78,78,large_cannon_30C,16,3,1,atomic_place_move_delete_preserve_collateral,,,"[[15, 2, 278], [16, 2, 279], [17, 2, 280], [18, 2, 281], [15, 3, 282], [16, 3, 780], [17, 3, 781], [18, 3, 285], [15, 4, 286], [16, 4, 782], [17, 4, 783]]"
4,78,78,organic_cannon_300,3,6,1,atomic_place_move_delete,,,"[[3, 6, 768], [3, 7, 102], [2, 8, 98], [3, 8, 100], [4, 8, 99], [5, 8, 101], [2, 9, 92], [3, 9, 93], [4, 9, 94], [5, 9, 95]]"
4,78,78,organic_cannon_300,14,6,1,atomic_place_move_delete,,,"[[14, 6, 768], [14, 7, 102], [13, 8, 98], [14, 8, 100], [15, 8, 99], [16, 8, 101], [13, 9, 92], [14, 9, 93], [15, 9, 94], [16, 9, 95]]"
4,79,79,rnet_source,4,4,0,move_delete_add_only_when_total_le_8,live_primary,RNET DOWN,"[[4, 4, 501]]"
4,79,79,rnet_source,10,4,0,move_delete_add_only_when_total_le_8,live_primary,RNET DOWN,"[[10, 4, 501]]"
4,79,79,rnet_source,15,4,0,move_delete_add_only_when_total_le_8,live_primary,RNET LEFT,"[[15, 4, 496]]"
4,79,79,rnet_source,3,5,0,move_delete_add_only_when_total_le_8,live_primary,RNET DOWN,"[[3, 5, 501]]"
4,79,79,rnet_source,2,6,0,move_delete_add_only_when_total_le_8,live_primary,RNET DOWN,"[[2, 6, 501]]"
4,79,79,rnet_source,1,7,0,move_delete_add_only_when_total_le_8,live_primary,RNET DOWN,"[[1, 7, 501]]"
